#include "app_js.h"
const uint8_t app_js[] = {
    0x2F, 0x2F, 0x20, 0x3D, 0x3D, 0x3D, 0x3D, 0x3D, 0x20, 0x73, 0x74, 0x61,
    0x74, 0x65, 0x2E, 0x6A, 0x73, 0x20, 0x3D, 0x3D, 0x3D, 0x3D, 0x3D, 0x0D,
    0x0A, 0x63, 0x6F, 0x6E, 0x73, 0x74, 0x20, 0x73, 0x74, 0x61, 0x74, 0x65,
    0x20, 0x3D, 0x20, 0x7B, 0x0D, 0x0A, 0x20, 0x20, 0x77, 0x61, 0x69, 0x74,
    0x52, 0x65, 0x6C, 0x6F, 0x61, 0x64, 0x54, 0x69, 0x6D, 0x65, 0x72, 0x3A,
    0x20, 0x6E, 0x75, 0x6C, 0x6C, 0x2C, 0x0D, 0x0A, 0x20, 0x20, 0x61, 0x70,
    0x70, 0x43, 0x6F, 0x6E, 0x66, 0x69, 0x72, 0x6D, 0x54, 0x69, 0x6D, 0x65,
    0x72, 0x3A, 0x20, 0x6E, 0x75, 0x6C, 0x6C, 0x2C, 0x0D, 0x0A, 0x20, 0x20,
    0x73, 0x74, 0x61, 0x74, 0x75, 0x73, 0x50, 0x6F, 0x6C, 0x6C, 0x54, 0x69,
    0x6D, 0x65, 0x72, 0x3A, 0x20, 0x6E, 0x75, 0x6C, 0x6C, 0x2C, 0x0D, 0x0A,
    0x20, 0x20, 0x77, 0x61, 0x74, 0x63, 0x68, 0x64, 0x6F, 0x67, 0x54, 0x69,
    0x6D, 0x65, 0x72, 0x3A, 0x20, 0x6E, 0x75, 0x6C, 0x6C, 0x2C, 0x0D, 0x0A,
    0x20, 0x20, 0x73, 0x65, 0x73, 0x73, 0x69, 0x6F, 0x6E, 0x4B, 0x65, 0x79,
    0x73, 0x3A, 0x20, 0x7B, 0x0D, 0x0A, 0x20, 0x20, 0x20, 0x20, 0x77, 0x61,
    0x69, 0x74, 0x54, 0x69, 0x6D, 0x65, 0x53, 0x79, 0x6E, 0x63, 0x3A, 0x20,
    0x27, 0x77, 0x61, 0x69, 0x74, 0x54, 0x69, 0x6D, 0x65, 0x53, 0x79, 0x6E,
    0x63, 0x27, 0x0D, 0x0A, 0x20, 0x20, 0x7D, 0x0D, 0x0A, 0x7D, 0x3B, 0x0D,
    0x0A, 0x0D, 0x0A, 0x0D, 0x0A, 0x2F, 0x2F, 0x20, 0x3D, 0x3D, 0x3D, 0x3D,
    0x3D, 0x20, 0x75, 0x74, 0x69, 0x6C, 0x73, 0x2E, 0x6A, 0x73, 0x20, 0x3D,
    0x3D, 0x3D, 0x3D, 0x3D, 0x0D, 0x0A, 0x66, 0x75, 0x6E, 0x63, 0x74, 0x69,
    0x6F, 0x6E, 0x20, 0x6C, 0x6F, 0x67, 0x45, 0x72, 0x72, 0x6F, 0x72, 0x28,
    0x65, 0x72, 0x72, 0x29, 0x20, 0x7B, 0x0D, 0x0A, 0x20, 0x20, 0x63, 0x6F,
    0x6E, 0x73, 0x6F, 0x6C, 0x65, 0x2E, 0x65, 0x72, 0x72, 0x6F, 0x72, 0x28,
    0x65, 0x72, 0x72, 0x29, 0x3B, 0x0D, 0x0A, 0x7D, 0x0D, 0x0A, 0x66, 0x75,
    0x6E, 0x63, 0x74, 0x69, 0x6F, 0x6E, 0x20, 0x64, 0x65, 0x6C, 0x61, 0x79,
    0x28, 0x6D, 0x73, 0x29, 0x20, 0x7B, 0x0D, 0x0A, 0x20, 0x20, 0x72, 0x65,
    0x74, 0x75, 0x72, 0x6E, 0x20, 0x6E, 0x65, 0x77, 0x20, 0x50, 0x72, 0x6F,
    0x6D, 0x69, 0x73, 0x65, 0x28, 0x72, 0x65, 0x73, 0x6F, 0x6C, 0x76, 0x65,
    0x20, 0x3D, 0x3E, 0x20, 0x73, 0x65, 0x74, 0x54, 0x69, 0x6D, 0x65, 0x6F,
    0x75, 0x74, 0x28, 0x72, 0x65, 0x73, 0x6F, 0x6C, 0x76, 0x65, 0x2C, 0x20,
    0x6D, 0x73, 0x29, 0x29, 0x3B, 0x0D, 0x0A, 0x7D, 0x0D, 0x0A, 0x66, 0x75,
    0x6E, 0x63, 0x74, 0x69, 0x6F, 0x6E, 0x20, 0x70, 0x61, 0x72, 0x73, 0x65,
    0x4B, 0x65, 0x79, 0x56, 0x61, 0x6C, 0x75, 0x65, 0x28, 0x74, 0x65, 0x78,
    0x74, 0x29, 0x20, 0x7B, 0x0D, 0x0A, 0x20, 0x20, 0x63, 0x6F, 0x6E, 0x73,
    0x74, 0x20, 0x6F, 0x62, 0x6A, 0x20, 0x3D, 0x20, 0x7B, 0x7D, 0x3B, 0x0D,
    0x0A, 0x20, 0x20, 0x63, 0x6F, 0x6E, 0x73, 0x74, 0x20, 0x6C, 0x69, 0x6E,
    0x65, 0x73, 0x20, 0x3D, 0x20, 0x53, 0x74, 0x72, 0x69, 0x6E, 0x67, 0x28,
    0x74, 0x65, 0x78, 0x74, 0x20, 0x7C, 0x7C, 0x20, 0x27, 0x27, 0x29, 0x2E,
    0x74, 0x72, 0x69, 0x6D, 0x28, 0x29, 0x2E, 0x73, 0x70, 0x6C, 0x69, 0x74,
    0x28, 0x27, 0x5C, 0x6E, 0x27, 0x29, 0x3B, 0x0D, 0x0A, 0x20, 0x20, 0x66,
    0x6F, 0x72, 0x20, 0x28, 0x63, 0x6F, 0x6E, 0x73, 0x74, 0x20, 0x6C, 0x69,
    0x6E, 0x65, 0x20, 0x6F, 0x66, 0x20, 0x6C, 0x69, 0x6E, 0x65, 0x73, 0x29,
    0x20, 0x7B, 0x0D, 0x0A, 0x20, 0x20, 0x20, 0x20, 0x63, 0x6F, 0x6E, 0x73,
    0x74, 0x20, 0x69, 0x64, 0x78, 0x20, 0x3D, 0x20, 0x6C, 0x69, 0x6E, 0x65,
    0x2E, 0x69, 0x6E, 0x64, 0x65, 0x78, 0x4F, 0x66, 0x28, 0x27, 0x3D, 0x27,
    0x29, 0x3B, 0x0D, 0x0A, 0x20, 0x20, 0x20, 0x20, 0x69, 0x66, 0x20, 0x28,
    0x69, 0x64, 0x78, 0x20, 0x3C, 0x3D, 0x20, 0x30, 0x29, 0x20, 0x63, 0x6F,
    0x6E, 0x74, 0x69, 0x6E, 0x75, 0x65, 0x3B, 0x0D, 0x0A, 0x20, 0x20, 0x20,
    0x20, 0x63, 0x6F, 0x6E, 0x73, 0x74, 0x20, 0x6B, 0x65, 0x79, 0x20, 0x3D,
    0x20, 0x6C, 0x69, 0x6E, 0x65, 0x2E, 0x73, 0x6C, 0x69, 0x63, 0x65, 0x28,
    0x30, 0x2C, 0x20, 0x69, 0x64, 0x78, 0x29, 0x2E, 0x74, 0x72, 0x69, 0x6D,
    0x28, 0x29, 0x3B, 0x0D, 0x0A, 0x20, 0x20, 0x20, 0x20, 0x63, 0x6F, 0x6E,
    0x73, 0x74, 0x20, 0x76, 0x61, 0x6C, 0x75, 0x65, 0x20, 0x3D, 0x20, 0x6C,
    0x69, 0x6E, 0x65, 0x2E, 0x73, 0x6C, 0x69, 0x63, 0x65, 0x28, 0x69, 0x64,
    0x78, 0x20, 0x2B, 0x20, 0x31, 0x29, 0x2E, 0x74, 0x72, 0x69, 0x6D, 0x28,
    0x29, 0x3B, 0x0D, 0x0A, 0x20, 0x20, 0x20, 0x20, 0x6F, 0x62, 0x6A, 0x5B,
    0x6B, 0x65, 0x79, 0x5D, 0x20, 0x3D, 0x20, 0x76, 0x61, 0x6C, 0x75, 0x65,
    0x3B, 0x0D, 0x0A, 0x20, 0x20, 0x7D, 0x0D, 0x0A, 0x20, 0x20, 0x72, 0x65,
    0x74, 0x75, 0x72, 0x6E, 0x20, 0x6F, 0x62, 0x6A, 0x3B, 0x0D, 0x0A, 0x7D,
    0x0D, 0x0A, 0x66, 0x75, 0x6E, 0x63, 0x74, 0x69, 0x6F, 0x6E, 0x20, 0x70,
    0x61, 0x64, 0x32, 0x28, 0x76, 0x61, 0x6C, 0x75, 0x65, 0x29, 0x20, 0x7B,
    0x0D, 0x0A, 0x20, 0x20, 0x72, 0x65, 0x74, 0x75, 0x72, 0x6E, 0x20, 0x53,
    0x74, 0x72, 0x69, 0x6E, 0x67, 0x28, 0x76, 0x61, 0x6C, 0x75, 0x65, 0x29,
    0x2E, 0x70, 0x61, 0x64, 0x53, 0x74, 0x61, 0x72, 0x74, 0x28, 0x32, 0x2C,
    0x20, 0x27, 0x30, 0x27, 0x29, 0x3B, 0x0D, 0x0A, 0x7D, 0x0D, 0x0A, 0x66,
    0x75, 0x6E, 0x63, 0x74, 0x69, 0x6F, 0x6E, 0x20, 0x67, 0x65, 0x74, 0x43,
    0x75, 0x72, 0x72, 0x65, 0x6E, 0x74, 0x54, 0x69, 0x6D, 0x65, 0x53, 0x74,
    0x72, 0x69, 0x6E, 0x67, 0x28, 0x29, 0x20, 0x7B, 0x0D, 0x0A, 0x20, 0x20,
    0x63, 0x6F, 0x6E, 0x73, 0x74, 0x20, 0x6E, 0x6F, 0x77, 0x20, 0x3D, 0x20,
    0x6E, 0x65, 0x77, 0x20, 0x44, 0x61, 0x74, 0x65, 0x28, 0x29, 0x3B, 0x0D,
    0x0A, 0x20, 0x20, 0x72, 0x65, 0x74, 0x75, 0x72, 0x6E, 0x20, 0x60, 0x24,
    0x7B, 0x6E, 0x6F, 0x77, 0x2E, 0x67, 0x65, 0x74, 0x46, 0x75, 0x6C, 0x6C,
    0x59, 0x65, 0x61, 0x72, 0x28, 0x29, 0x7D, 0x2D, 0x24, 0x7B, 0x70, 0x61,
    0x64, 0x32, 0x28, 0x6E, 0x6F, 0x77, 0x2E, 0x67, 0x65, 0x74, 0x4D, 0x6F,
    0x6E, 0x74, 0x68, 0x28, 0x29, 0x20, 0x2B, 0x20, 0x31, 0x29, 0x7D, 0x2D,
    0x24, 0x7B, 0x70, 0x61, 0x64, 0x32, 0x28, 0x6E, 0x6F, 0x77, 0x2E, 0x67,
    0x65, 0x74, 0x44, 0x61, 0x74, 0x65, 0x28, 0x29, 0x29, 0x7D, 0x20, 0x24,
    0x7B, 0x70, 0x61, 0x64, 0x32, 0x28, 0x6E, 0x6F, 0x77, 0x2E, 0x67, 0x65,
    0x74, 0x48, 0x6F, 0x75, 0x72, 0x73, 0x28, 0x29, 0x29, 0x7D, 0x3A, 0x24,
    0x7B, 0x70, 0x61, 0x64, 0x32, 0x28, 0x6E, 0x6F, 0x77, 0x2E, 0x67, 0x65,
    0x74, 0x4D, 0x69, 0x6E, 0x75, 0x74, 0x65, 0x73, 0x28, 0x29, 0x29, 0x7D,
    0x3A, 0x24, 0x7B, 0x70, 0x61, 0x64, 0x32, 0x28, 0x6E, 0x6F, 0x77, 0x2E,
    0x67, 0x65, 0x74, 0x53, 0x65, 0x63, 0x6F, 0x6E, 0x64, 0x73, 0x28, 0x29,
    0x29, 0x7D, 0x60, 0x3B, 0x0D, 0x0A, 0x7D, 0x0D, 0x0A, 0x66, 0x75, 0x6E,
    0x63, 0x74, 0x69, 0x6F, 0x6E, 0x20, 0x6E, 0x6F, 0x72, 0x6D, 0x61, 0x6C,
    0x69, 0x7A, 0x65, 0x49, 0x70, 0x53, 0x74, 0x72, 0x69, 0x6E, 0x67, 0x28,
    0x76, 0x61, 0x6C, 0x75, 0x65, 0x29, 0x20, 0x7B, 0x0D, 0x0A, 0x20, 0x20,
    0x72, 0x65, 0x74, 0x75, 0x72, 0x6E, 0x20, 0x53, 0x74, 0x72, 0x69, 0x6E,
    0x67, 0x28, 0x76, 0x61, 0x6C, 0x75, 0x65, 0x20, 0x7C, 0x7C, 0x20, 0x27,
    0x27, 0x29, 0x2E, 0x72, 0x65, 0x70, 0x6C, 0x61, 0x63, 0x65, 0x28, 0x2F,
    0x5F, 0x2F, 0x67, 0x2C, 0x20, 0x27, 0x27, 0x29, 0x2E, 0x74, 0x72, 0x69,
    0x6D, 0x28, 0x29, 0x3B, 0x0D, 0x0A, 0x7D, 0x0D, 0x0A, 0x66, 0x75, 0x6E,
    0x63, 0x74, 0x69, 0x6F, 0x6E, 0x20, 0x69, 0x73, 0x56, 0x61, 0x6C, 0x69,
    0x64, 0x49, 0x70, 0x50, 0x61, 0x72, 0x74, 0x28, 0x70, 0x61, 0x72, 0x74,
    0x29, 0x20, 0x7B, 0x0D, 0x0A, 0x20, 0x20, 0x69, 0x66, 0x20, 0x28, 0x21,
    0x2F, 0x5E, 0x5C, 0x64, 0x7B, 0x31, 0x2C, 0x33, 0x7D, 0x24, 0x2F, 0x2E,
    0x74, 0x65, 0x73, 0x74, 0x28, 0x70, 0x61, 0x72, 0x74, 0x29, 0x29, 0x20,
    0x72, 0x65, 0x74, 0x75, 0x72, 0x6E, 0x20, 0x66, 0x61, 0x6C, 0x73, 0x65,
    0x3B, 0x0D, 0x0A, 0x20, 0x20, 0x63, 0x6F, 0x6E, 0x73, 0x74, 0x20, 0x6E,
    0x75, 0x6D, 0x20, 0x3D, 0x20, 0x4E, 0x75, 0x6D, 0x62, 0x65, 0x72, 0x28,
    0x70, 0x61, 0x72, 0x74, 0x29, 0x3B, 0x0D, 0x0A, 0x20, 0x20, 0x72, 0x65,
    0x74, 0x75, 0x72, 0x6E, 0x20, 0x6E, 0x75, 0x6D, 0x20, 0x3E, 0x3D, 0x20,
    0x30, 0x20, 0x26, 0x26, 0x20, 0x6E, 0x75, 0x6D, 0x20, 0x3C, 0x3D, 0x20,
    0x32, 0x35, 0x35, 0x3B, 0x0D, 0x0A, 0x7D, 0x0D, 0x0A, 0x66, 0x75, 0x6E,
    0x63, 0x74, 0x69, 0x6F, 0x6E, 0x20, 0x69, 0x73, 0x56, 0x61, 0x6C, 0x69,
    0x64, 0x49, 0x70, 0x28, 0x76, 0x61, 0x6C, 0x75, 0x65, 0x29, 0x20, 0x7B,
    0x0D, 0x0A, 0x20, 0x20, 0x63, 0x6F, 0x6E, 0x73, 0x74, 0x20, 0x63, 0x6C,
    0x65, 0x61, 0x6E, 0x20, 0x3D, 0x20, 0x6E, 0x6F, 0x72, 0x6D, 0x61, 0x6C,
    0x69, 0x7A, 0x65, 0x49, 0x70, 0x53, 0x74, 0x72, 0x69, 0x6E, 0x67, 0x28,
    0x76, 0x61, 0x6C, 0x75, 0x65, 0x29, 0x3B, 0x0D, 0x0A, 0x20, 0x20, 0x63,
    0x6F, 0x6E, 0x73, 0x74, 0x20, 0x70, 0x61, 0x72, 0x74, 0x73, 0x20, 0x3D,
    0x20, 0x63, 0x6C, 0x65, 0x61, 0x6E, 0x2E, 0x73, 0x70, 0x6C, 0x69, 0x74,
    0x28, 0x27, 0x2E, 0x27, 0x29, 0x3B, 0x0D, 0x0A, 0x20, 0x20, 0x69, 0x66,
    0x20, 0x28, 0x70, 0x61, 0x72, 0x74, 0x73, 0x2E, 0x6C, 0x65, 0x6E, 0x67,
    0x74, 0x68, 0x20, 0x21, 0x3D, 0x3D, 0x20, 0x34, 0x29, 0x20, 0x72, 0x65,
    0x74, 0x75, 0x72, 0x6E, 0x20, 0x66, 0x61, 0x6C, 0x73, 0x65, 0x3B, 0x0D,
    0x0A, 0x20, 0x20, 0x72, 0x65, 0x74, 0x75, 0x72, 0x6E, 0x20, 0x70, 0x61,
    0x72, 0x74, 0x73, 0x2E, 0x65, 0x76, 0x65, 0x72, 0x79, 0x28, 0x69, 0x73,
    0x56, 0x61, 0x6C, 0x69, 0x64, 0x49, 0x70, 0x50, 0x61, 0x72, 0x74, 0x29,
    0x3B, 0x0D, 0x0A, 0x7D, 0x0D, 0x0A, 0x0D, 0x0A, 0x0D, 0x0A, 0x2F, 0x2F,
    0x20, 0x3D, 0x3D, 0x3D, 0x3D, 0x3D, 0x20, 0x65, 0x6C, 0x65, 0x6D, 0x65,
    0x6E, 0x74, 0x73, 0x2E, 0x6A, 0x73, 0x20, 0x3D, 0x3D, 0x3D, 0x3D, 0x3D,
    0x0D, 0x0A, 0x63, 0x6F, 0x6E, 0x73, 0x74, 0x20, 0x65, 0x6C, 0x20, 0x3D,
    0x20, 0x7B, 0x0D, 0x0A, 0x20, 0x20, 0x62, 0x74, 0x6E, 0x47, 0x6F, 0x74,
    0x6F, 0x42, 0x6F, 0x6F, 0x74, 0x3A, 0x20, 0x20, 0x20, 0x64, 0x6F, 0x63,
    0x75, 0x6D, 0x65, 0x6E, 0x74, 0x2E, 0x67, 0x65, 0x74, 0x45, 0x6C, 0x65,
    0x6D, 0x65, 0x6E, 0x74, 0x42, 0x79, 0x49, 0x64, 0x28, 0x27, 0x62, 0x74,
    0x6E, 0x47, 0x6F, 0x74, 0x6F, 0x42, 0x6F, 0x6F, 0x74, 0x27, 0x29, 0x2C,
    0x0D, 0x0A, 0x20, 0x20, 0x62, 0x74, 0x6E, 0x46, 0x61, 0x63, 0x74, 0x6F,
    0x72, 0x79, 0x53, 0x65, 0x74, 0x3A, 0x20, 0x64, 0x6F, 0x63, 0x75, 0x6D,
    0x65, 0x6E, 0x74, 0x2E, 0x67, 0x65, 0x74, 0x45, 0x6C, 0x65, 0x6D, 0x65,
    0x6E, 0x74, 0x42, 0x79, 0x49, 0x64, 0x28, 0x27, 0x62, 0x74, 0x6E, 0x46,
    0x61, 0x63, 0x74, 0x6F, 0x72, 0x79, 0x53, 0x65, 0x74, 0x27, 0x29, 0x2C,
    0x0D, 0x0A, 0x20, 0x20, 0x62, 0x74, 0x6E, 0x53, 0x79, 0x73, 0x74, 0x65,
    0x6D, 0x52, 0x65, 0x73, 0x65, 0x74, 0x3A, 0x64, 0x6F, 0x63, 0x75, 0x6D,
    0x65, 0x6E, 0x74, 0x2E, 0x67, 0x65, 0x74, 0x45, 0x6C, 0x65, 0x6D, 0x65,
    0x6E, 0x74, 0x42, 0x79, 0x49, 0x64, 0x28, 0x27, 0x62, 0x74, 0x6E, 0x53,
    0x79, 0x73, 0x74, 0x65, 0x6D, 0x52, 0x65, 0x73, 0x65, 0x74, 0x27, 0x29,
    0x2C, 0x0D, 0x0A, 0x20, 0x20, 0x62, 0x74, 0x6E, 0x44, 0x6F, 0x77, 0x6E,
    0x6C, 0x6F, 0x61, 0x64, 0x3A, 0x20, 0x20, 0x20, 0x64, 0x6F, 0x63, 0x75,
    0x6D, 0x65, 0x6E, 0x74, 0x2E, 0x67, 0x65, 0x74, 0x45, 0x6C, 0x65, 0x6D,
    0x65, 0x6E, 0x74, 0x42, 0x79, 0x49, 0x64, 0x28, 0x27, 0x62, 0x74, 0x6E,
    0x44, 0x6F, 0x77, 0x6E, 0x6C, 0x6F, 0x61, 0x64, 0x27, 0x29, 0x2C, 0x0D,
    0x0A, 0x20, 0x20, 0x62, 0x74, 0x6E, 0x47, 0x65, 0x74, 0x4E, 0x65, 0x74,
    0x77, 0x6F, 0x72, 0x6B, 0x3A, 0x20, 0x64, 0x6F, 0x63, 0x75, 0x6D, 0x65,
    0x6E, 0x74, 0x2E, 0x67, 0x65, 0x74, 0x45, 0x6C, 0x65, 0x6D, 0x65, 0x6E,
    0x74, 0x42, 0x79, 0x49, 0x64, 0x28, 0x27, 0x62, 0x74, 0x6E, 0x47, 0x65,
    0x74, 0x4E, 0x65, 0x74, 0x77, 0x6F, 0x72, 0x6B, 0x27, 0x29, 0x2C, 0x0D,
    0x0A, 0x20, 0x20, 0x62, 0x74, 0x6E, 0x53, 0x65, 0x74, 0x4E, 0x65, 0x74,
    0x77, 0x6F, 0x72, 0x6B, 0x3A, 0x20, 0x64, 0x6F, 0x63, 0x75, 0x6D, 0x65,
    0x6E, 0x74, 0x2E, 0x67, 0x65, 0x74, 0x45, 0x6C, 0x65, 0x6D, 0x65, 0x6E,
    0x74, 0x42, 0x79, 0x49, 0x64, 0x28, 0x27, 0x62, 0x74, 0x6E, 0x53, 0x65,
    0x74, 0x4E, 0x65, 0x74, 0x77, 0x6F, 0x72, 0x6B, 0x27, 0x29, 0x2C, 0x0D,
    0x0A, 0x20, 0x20, 0x61, 0x70, 0x70, 0x43, 0x6F, 0x6E, 0x66, 0x69, 0x72,
    0x6D, 0x65, 0x64, 0x3A, 0x20, 0x20, 0x64, 0x6F, 0x63, 0x75, 0x6D, 0x65,
    0x6E, 0x74, 0x2E, 0x67, 0x65, 0x74, 0x45, 0x6C, 0x65, 0x6D, 0x65, 0x6E,
    0x74, 0x42, 0x79, 0x49, 0x64, 0x28, 0x27, 0x61, 0x70, 0x70, 0x43, 0x6F,
    0x6E, 0x66, 0x69, 0x72, 0x6D, 0x65, 0x64, 0x27, 0x29, 0x2C, 0x0D, 0x0A,
    0x20, 0x20, 0x72, 0x74, 0x63, 0x54, 0x69, 0x6D, 0x65, 0x3A, 0x20, 0x20,
    0x20, 0x20, 0x20, 0x20, 0x20, 0x64, 0x6F, 0x63, 0x75, 0x6D, 0x65, 0x6E,
    0x74, 0x2E, 0x67, 0x65, 0x74, 0x45, 0x6C, 0x65, 0x6D, 0x65, 0x6E, 0x74,
    0x42, 0x79, 0x49, 0x64, 0x28, 0x27, 0x52, 0x74, 0x63, 0x54, 0x69, 0x6D,
    0x65, 0x27, 0x29, 0x2C, 0x0D, 0x0A, 0x20, 0x20, 0x69, 0x70, 0x3A, 0x20,
    0x20, 0x20, 0x20, 0x20, 0x20, 0x20, 0x20, 0x20, 0x20, 0x20, 0x20, 0x64,
    0x6F, 0x63, 0x75, 0x6D, 0x65, 0x6E, 0x74, 0x2E, 0x67, 0x65, 0x74, 0x45,
    0x6C, 0x65, 0x6D, 0x65, 0x6E, 0x74, 0x42, 0x79, 0x49, 0x64, 0x28, 0x27,
    0x69, 0x70, 0x27, 0x29, 0x2C, 0x0D, 0x0A, 0x20, 0x20, 0x73, 0x75, 0x62,
    0x6E, 0x65, 0x74, 0x3A, 0x20, 0x20, 0x20, 0x20, 0x20, 0x20, 0x20, 0x20,
    0x64, 0x6F, 0x63, 0x75, 0x6D, 0x65, 0x6E, 0x74, 0x2E, 0x67, 0x65, 0x74,
    0x45, 0x6C, 0x65, 0x6D, 0x65, 0x6E, 0x74, 0x42, 0x79, 0x49, 0x64, 0x28,
    0x27, 0x73, 0x75, 0x62, 0x6E, 0x65, 0x74, 0x27, 0x29, 0x2C, 0x0D, 0x0A,
    0x20, 0x20, 0x67, 0x61, 0x74, 0x65, 0x77, 0x61, 0x79, 0x3A, 0x20, 0x20,
    0x20, 0x20, 0x20, 0x20, 0x20, 0x64, 0x6F, 0x63, 0x75, 0x6D, 0x65, 0x6E,
    0x74, 0x2E, 0x67, 0x65, 0x74, 0x45, 0x6C, 0x65, 0x6D, 0x65, 0x6E, 0x74,
    0x42, 0x79, 0x49, 0x64, 0x28, 0x27, 0x67, 0x61, 0x74, 0x65, 0x77, 0x61,
    0x79, 0x27, 0x29, 0x2C, 0x0D, 0x0A, 0x20, 0x20, 0x6C, 0x6F, 0x67, 0x42,
    0x6F, 0x78, 0x3A, 0x20, 0x20, 0x20, 0x20, 0x20, 0x20, 0x20, 0x20, 0x64,
    0x6F, 0x63, 0x75, 0x6D, 0x65, 0x6E, 0x74, 0x2E, 0x67, 0x65, 0x74, 0x45,
    0x6C, 0x65, 0x6D, 0x65, 0x6E, 0x74, 0x42, 0x79, 0x49, 0x64, 0x28, 0x27,
    0x6C, 0x6F, 0x67, 0x42, 0x6F, 0x78, 0x27, 0x29, 0x2C, 0x0D, 0x0A, 0x20,
    0x20, 0x6D, 0x6F, 0x64, 0x65, 0x6C, 0x4E, 0x61, 0x6D, 0x65, 0x3A, 0x20,
    0x20, 0x20, 0x20, 0x20, 0x64, 0x6F, 0x63, 0x75, 0x6D, 0x65, 0x6E, 0x74,
    0x2E, 0x67, 0x65, 0x74, 0x45, 0x6C, 0x65, 0x6D, 0x65, 0x6E, 0x74, 0x42,
    0x79, 0x49, 0x64, 0x28, 0x27, 0x6D, 0x6F, 0x64, 0x65, 0x6C, 0x4E, 0x61,
    0x6D, 0x65, 0x27, 0x29, 0x2C, 0x0D, 0x0A, 0x20, 0x20, 0x62, 0x74, 0x6E,
    0x46, 0x73, 0x4C, 0x69, 0x73, 0x74, 0x3A, 0x20, 0x20, 0x20, 0x20, 0x20,
    0x64, 0x6F, 0x63, 0x75, 0x6D, 0x65, 0x6E, 0x74, 0x2E, 0x67, 0x65, 0x74,
    0x45, 0x6C, 0x65, 0x6D, 0x65, 0x6E, 0x74, 0x42, 0x79, 0x49, 0x64, 0x28,
    0x27, 0x62, 0x74, 0x6E, 0x46, 0x73, 0x4C, 0x69, 0x73, 0x74, 0x27, 0x29,
    0x2C, 0x0D, 0x0A, 0x20, 0x20, 0x62, 0x74, 0x6E, 0x46, 0x73, 0x44, 0x6F,
    0x77, 0x6E, 0x6C, 0x6F, 0x61, 0x64, 0x3A, 0x20, 0x64, 0x6F, 0x63, 0x75,
    0x6D, 0x65, 0x6E, 0x74, 0x2E, 0x67, 0x65, 0x74, 0x45, 0x6C, 0x65, 0x6D,
    0x65, 0x6E, 0x74, 0x42, 0x79, 0x49, 0x64, 0x28, 0x27, 0x62, 0x74, 0x6E,
    0x46, 0x73, 0x44, 0x6F, 0x77, 0x6E, 0x6C, 0x6F, 0x61, 0x64, 0x27, 0x29,
    0x2C, 0x0D, 0x0A, 0x20, 0x20, 0x62, 0x74, 0x6E, 0x46, 0x73, 0x44, 0x65,
    0x6C, 0x65, 0x74, 0x65, 0x3A, 0x20, 0x20, 0x20, 0x64, 0x6F, 0x63, 0x75,
    0x6D, 0x65, 0x6E, 0x74, 0x2E, 0x67, 0x65, 0x74, 0x45, 0x6C, 0x65, 0x6D,
    0x65, 0x6E, 0x74, 0x42, 0x79, 0x49, 0x64, 0x28, 0x27, 0x62, 0x74, 0x6E,
    0x46, 0x73, 0x44, 0x65, 0x6C, 0x65, 0x74, 0x65, 0x27, 0x29, 0x2C, 0x0D,
    0x0A, 0x20, 0x20, 0x62, 0x74, 0x6E, 0x46, 0x73, 0x43, 0x6C, 0x6F, 0x73,
    0x65, 0x3A, 0x20, 0x20, 0x20, 0x20, 0x64, 0x6F, 0x63, 0x75, 0x6D, 0x65,
    0x6E, 0x74, 0x2E, 0x67, 0x65, 0x74, 0x45, 0x6C, 0x65, 0x6D, 0x65, 0x6E,
    0x74, 0x42, 0x79, 0x49, 0x64, 0x28, 0x27, 0x62, 0x74, 0x6E, 0x46, 0x73,
    0x43, 0x6C, 0x6F, 0x73, 0x65, 0x27, 0x29, 0x2C, 0x0D, 0x0A, 0x20, 0x20,
    0x62, 0x74, 0x6E, 0x46, 0x73, 0x55, 0x70, 0x6C, 0x6F, 0x61, 0x64, 0x3A,
    0x20, 0x20, 0x20, 0x64, 0x6F, 0x63, 0x75, 0x6D, 0x65, 0x6E, 0x74, 0x2E,
    0x67, 0x65, 0x74, 0x45, 0x6C, 0x65, 0x6D, 0x65, 0x6E, 0x74, 0x42, 0x79,
    0x49, 0x64, 0x28, 0x27, 0x62, 0x74, 0x6E, 0x46, 0x73, 0x55, 0x70, 0x6C,
    0x6F, 0x61, 0x64, 0x27, 0x29, 0x2C, 0x0D, 0x0A, 0x20, 0x20, 0x66, 0x73,
    0x55, 0x70, 0x6C, 0x6F, 0x61, 0x64, 0x49, 0x6E, 0x70, 0x75, 0x74, 0x3A,
    0x20, 0x64, 0x6F, 0x63, 0x75, 0x6D, 0x65, 0x6E, 0x74, 0x2E, 0x67, 0x65,
    0x74, 0x45, 0x6C, 0x65, 0x6D, 0x65, 0x6E, 0x74, 0x42, 0x79, 0x49, 0x64,
    0x28, 0x27, 0x66, 0x73, 0x55, 0x70, 0x6C, 0x6F, 0x61, 0x64, 0x49, 0x6E,
    0x70, 0x75, 0x74, 0x27, 0x29, 0x2C, 0x0D, 0x0A, 0x20, 0x20, 0x66, 0x73,
    0x42, 0x72, 0x65, 0x61, 0x64, 0x63, 0x72, 0x75, 0x6D, 0x62, 0x3A, 0x20,
    0x20, 0x64, 0x6F, 0x63, 0x75, 0x6D, 0x65, 0x6E, 0x74, 0x2E, 0x67, 0x65,
    0x74, 0x45, 0x6C, 0x65, 0x6D, 0x65, 0x6E, 0x74, 0x42, 0x79, 0x49, 0x64,
    0x28, 0x27, 0x66, 0x73, 0x42, 0x72, 0x65, 0x61, 0x64, 0x63, 0x72, 0x75,
    0x6D, 0x62, 0x27, 0x29, 0x2C, 0x0D, 0x0A, 0x20, 0x20, 0x66, 0x73, 0x46,
    0x69, 0x6C, 0x65, 0x4C, 0x69, 0x73, 0x74, 0x3A, 0x20, 0x20, 0x20, 0x20,
    0x64, 0x6F, 0x63, 0x75, 0x6D, 0x65, 0x6E, 0x74, 0x2E, 0x67, 0x65, 0x74,
    0x45, 0x6C, 0x65, 0x6D, 0x65, 0x6E, 0x74, 0x42, 0x79, 0x49, 0x64, 0x28,
    0x27, 0x66, 0x73, 0x46, 0x69, 0x6C, 0x65, 0x4C, 0x69, 0x73, 0x74, 0x27,
    0x29, 0x2C, 0x0D, 0x0A, 0x20, 0x20, 0x66, 0x73, 0x45, 0x64, 0x69, 0x74,
    0x6F, 0x72, 0x3A, 0x20, 0x20, 0x20, 0x20, 0x20, 0x20, 0x64, 0x6F, 0x63,
    0x75, 0x6D, 0x65, 0x6E, 0x74, 0x2E, 0x67, 0x65, 0x74, 0x45, 0x6C, 0x65,
    0x6D, 0x65, 0x6E, 0x74, 0x42, 0x79, 0x49, 0x64, 0x28, 0x27, 0x66, 0x73,
    0x45, 0x64, 0x69, 0x74, 0x6F, 0x72, 0x27, 0x29, 0x2C, 0x0D, 0x0A, 0x20,
    0x20, 0x66, 0x73, 0x46, 0x69, 0x6C, 0x65, 0x4E, 0x61, 0x6D, 0x65, 0x3A,
    0x20, 0x20, 0x20, 0x20, 0x64, 0x6F, 0x63, 0x75, 0x6D, 0x65, 0x6E, 0x74,
    0x2E, 0x67, 0x65, 0x74, 0x45, 0x6C, 0x65, 0x6D, 0x65, 0x6E, 0x74, 0x42,
    0x79, 0x49, 0x64, 0x28, 0x27, 0x66, 0x73, 0x46, 0x69, 0x6C, 0x65, 0x4E,
    0x61, 0x6D, 0x65, 0x27, 0x29, 0x0D, 0x0A, 0x7D, 0x3B, 0x0D, 0x0A, 0x0D,
    0x0A, 0x0D, 0x0A, 0x2F, 0x2F, 0x20, 0x3D, 0x3D, 0x3D, 0x3D, 0x3D, 0x20,
    0x6C, 0x6F, 0x67, 0x2E, 0x6A, 0x73, 0x20, 0x3D, 0x3D, 0x3D, 0x3D, 0x3D,
    0x0D, 0x0A, 0x66, 0x75, 0x6E, 0x63, 0x74, 0x69, 0x6F, 0x6E, 0x20, 0x6C,
    0x6F, 0x67, 0x28, 0x6D, 0x73, 0x67, 0x29, 0x20, 0x7B, 0x0D, 0x0A, 0x20,
    0x20, 0x69, 0x66, 0x20, 0x28, 0x21, 0x65, 0x6C, 0x2E, 0x6C, 0x6F, 0x67,
    0x42, 0x6F, 0x78, 0x29, 0x20, 0x72, 0x65, 0x74, 0x75, 0x72, 0x6E, 0x3B,
    0x0D, 0x0A, 0x20, 0x20, 0x63, 0x6F, 0x6E, 0x73, 0x74, 0x20, 0x6C, 0x69,
    0x6E, 0x65, 0x20, 0x3D, 0x20, 0x64, 0x6F, 0x63, 0x75, 0x6D, 0x65, 0x6E,
    0x74, 0x2E, 0x63, 0x72, 0x65, 0x61, 0x74, 0x65, 0x45, 0x6C, 0x65, 0x6D,
    0x65, 0x6E, 0x74, 0x28, 0x27, 0x64, 0x69, 0x76, 0x27, 0x29, 0x3B, 0x0D,
    0x0A, 0x20, 0x20, 0x6C, 0x69, 0x6E, 0x65, 0x2E, 0x74, 0x65, 0x78, 0x74,
    0x43, 0x6F, 0x6E, 0x74, 0x65, 0x6E, 0x74, 0x20, 0x3D, 0x20, 0x6D, 0x73,
    0x67, 0x3B, 0x0D, 0x0A, 0x20, 0x20, 0x65, 0x6C, 0x2E, 0x6C, 0x6F, 0x67,
    0x42, 0x6F, 0x78, 0x2E, 0x61, 0x70, 0x70, 0x65, 0x6E, 0x64, 0x43, 0x68,
    0x69, 0x6C, 0x64, 0x28, 0x6C, 0x69, 0x6E, 0x65, 0x29, 0x3B, 0x0D, 0x0A,
    0x20, 0x20, 0x65, 0x6C, 0x2E, 0x6C, 0x6F, 0x67, 0x42, 0x6F, 0x78, 0x2E,
    0x73, 0x63, 0x72, 0x6F, 0x6C, 0x6C, 0x54, 0x6F, 0x70, 0x20, 0x3D, 0x20,
    0x65, 0x6C, 0x2E, 0x6C, 0x6F, 0x67, 0x42, 0x6F, 0x78, 0x2E, 0x73, 0x63,
    0x72, 0x6F, 0x6C, 0x6C, 0x48, 0x65, 0x69, 0x67, 0x68, 0x74, 0x3B, 0x0D,
    0x0A, 0x7D, 0x0D, 0x0A, 0x0D, 0x0A, 0x0D, 0x0A, 0x2F, 0x2F, 0x20, 0x3D,
    0x3D, 0x3D, 0x3D, 0x3D, 0x20, 0x69, 0x70, 0x49, 0x6E, 0x70, 0x75, 0x74,
    0x2E, 0x6A, 0x73, 0x20, 0x3D, 0x3D, 0x3D, 0x3D, 0x3D, 0x0D, 0x0A, 0x63,
    0x6F, 0x6E, 0x73, 0x74, 0x20, 0x50, 0x4C, 0x41, 0x43, 0x45, 0x48, 0x4F,
    0x4C, 0x44, 0x45, 0x52, 0x20, 0x3D, 0x20, 0x27, 0x5F, 0x5F, 0x5F, 0x2E,
    0x5F, 0x5F, 0x5F, 0x2E, 0x5F, 0x5F, 0x5F, 0x2E, 0x5F, 0x5F, 0x5F, 0x27,
    0x3B, 0x0D, 0x0A, 0x66, 0x75, 0x6E, 0x63, 0x74, 0x69, 0x6F, 0x6E, 0x20,
    0x73, 0x61, 0x6E, 0x69, 0x74, 0x69, 0x7A, 0x65, 0x49, 0x6E, 0x70, 0x75,
    0x74, 0x28, 0x76, 0x61, 0x6C, 0x75, 0x65, 0x29, 0x20, 0x7B, 0x0D, 0x0A,
    0x20, 0x20, 0x63, 0x6F, 0x6E, 0x73, 0x74, 0x20, 0x6F, 0x6E, 0x6C, 0x79,
    0x20, 0x3D, 0x20, 0x53, 0x74, 0x72, 0x69, 0x6E, 0x67, 0x28, 0x76, 0x61,
    0x6C, 0x75, 0x65, 0x20, 0x7C, 0x7C, 0x20, 0x27, 0x27, 0x29, 0x2E, 0x72,
    0x65, 0x70, 0x6C, 0x61, 0x63, 0x65, 0x28, 0x2F, 0x5B, 0x5E, 0x30, 0x2D,
    0x39, 0x2E, 0x5D, 0x2F, 0x67, 0x2C, 0x20, 0x27, 0x27, 0x29, 0x3B, 0x0D,
    0x0A, 0x20, 0x20, 0x63, 0x6F, 0x6E, 0x73, 0x74, 0x20, 0x72, 0x61, 0x77,
    0x50, 0x61, 0x72, 0x74, 0x73, 0x20, 0x3D, 0x20, 0x6F, 0x6E, 0x6C, 0x79,
    0x2E, 0x73, 0x70, 0x6C, 0x69, 0x74, 0x28, 0x27, 0x2E, 0x27, 0x29, 0x3B,
    0x0D, 0x0A, 0x20, 0x20, 0x63, 0x6F, 0x6E, 0x73, 0x74, 0x20, 0x70, 0x61,
    0x72, 0x74, 0x73, 0x20, 0x3D, 0x20, 0x5B, 0x5D, 0x3B, 0x0D, 0x0A, 0x20,
    0x20, 0x66, 0x6F, 0x72, 0x20, 0x28, 0x6C, 0x65, 0x74, 0x20, 0x69, 0x20,
    0x3D, 0x20, 0x30, 0x3B, 0x20, 0x69, 0x20, 0x3C, 0x20, 0x72, 0x61, 0x77,
    0x50, 0x61, 0x72, 0x74, 0x73, 0x2E, 0x6C, 0x65, 0x6E, 0x67, 0x74, 0x68,
    0x20, 0x26, 0x26, 0x20, 0x70, 0x61, 0x72, 0x74, 0x73, 0x2E, 0x6C, 0x65,
    0x6E, 0x67, 0x74, 0x68, 0x20, 0x3C, 0x20, 0x34, 0x3B, 0x20, 0x69, 0x2B,
    0x2B, 0x29, 0x20, 0x7B, 0x0D, 0x0A, 0x20, 0x20, 0x20, 0x20, 0x6C, 0x65,
    0x74, 0x20, 0x70, 0x61, 0x72, 0x74, 0x20, 0x3D, 0x20, 0x72, 0x61, 0x77,
    0x50, 0x61, 0x72, 0x74, 0x73, 0x5B, 0x69, 0x5D, 0x2E, 0x73, 0x6C, 0x69,
    0x63, 0x65, 0x28, 0x30, 0x2C, 0x20, 0x33, 0x29, 0x3B, 0x0D, 0x0A, 0x20,
    0x20, 0x20, 0x20, 0x69, 0x66, 0x20, 0x28, 0x70, 0x61, 0x72, 0x74, 0x2E,
    0x6C, 0x65, 0x6E, 0x67, 0x74, 0x68, 0x20, 0x3E, 0x20, 0x30, 0x29, 0x20,
    0x7B, 0x0D, 0x0A, 0x20, 0x20, 0x20, 0x20, 0x20, 0x20, 0x63, 0x6F, 0x6E,
    0x73, 0x74, 0x20, 0x6E, 0x75, 0x6D, 0x20, 0x3D, 0x20, 0x4E, 0x75, 0x6D,
    0x62, 0x65, 0x72, 0x28, 0x70, 0x61, 0x72, 0x74, 0x29, 0x3B, 0x0D, 0x0A,
    0x20, 0x20, 0x20, 0x20, 0x20, 0x20, 0x69, 0x66, 0x20, 0x28, 0x21, 0x4E,
    0x75, 0x6D, 0x62, 0x65, 0x72, 0x2E, 0x69, 0x73, 0x4E, 0x61, 0x4E, 0x28,
    0x6E, 0x75, 0x6D, 0x29, 0x20, 0x26, 0x26, 0x20, 0x6E, 0x75, 0x6D, 0x20,
    0x3E, 0x20, 0x32, 0x35, 0x35, 0x29, 0x20, 0x7B, 0x0D, 0x0A, 0x20, 0x20,
    0x20, 0x20, 0x20, 0x20, 0x20, 0x20, 0x70, 0x61, 0x72, 0x74, 0x20, 0x3D,
    0x20, 0x27, 0x32, 0x35, 0x35, 0x27, 0x3B, 0x0D, 0x0A, 0x20, 0x20, 0x20,
    0x20, 0x20, 0x20, 0x7D, 0x0D, 0x0A, 0x20, 0x20, 0x20, 0x20, 0x7D, 0x0D,
    0x0A, 0x20, 0x20, 0x20, 0x20, 0x70, 0x61, 0x72, 0x74, 0x73, 0x2E, 0x70,
    0x75, 0x73, 0x68, 0x28, 0x70, 0x61, 0x72, 0x74, 0x29, 0x3B, 0x0D, 0x0A,
    0x20, 0x20, 0x7D, 0x0D, 0x0A, 0x20, 0x20, 0x72, 0x65, 0x74, 0x75, 0x72,
    0x6E, 0x20, 0x70, 0x61, 0x72, 0x74, 0x73, 0x2E, 0x6A, 0x6F, 0x69, 0x6E,
    0x28, 0x27, 0x2E, 0x27, 0x29, 0x3B, 0x0D, 0x0A, 0x7D, 0x0D, 0x0A, 0x66,
    0x75, 0x6E, 0x63, 0x74, 0x69, 0x6F, 0x6E, 0x20, 0x61, 0x74, 0x74, 0x61,
    0x63, 0x68, 0x49, 0x70, 0x49, 0x6E, 0x70, 0x75, 0x74, 0x28, 0x69, 0x6E,
    0x70, 0x75, 0x74, 0x29, 0x20, 0x7B, 0x0D, 0x0A, 0x20, 0x20, 0x69, 0x66,
    0x20, 0x28, 0x21, 0x69, 0x6E, 0x70, 0x75, 0x74, 0x29, 0x20, 0x72, 0x65,
    0x74, 0x75, 0x72, 0x6E, 0x3B, 0x0D, 0x0A, 0x20, 0x20, 0x69, 0x6E, 0x70,
    0x75, 0x74, 0x2E, 0x61, 0x64, 0x64, 0x45, 0x76, 0x65, 0x6E, 0x74, 0x4C,
    0x69, 0x73, 0x74, 0x65, 0x6E, 0x65, 0x72, 0x28, 0x27, 0x66, 0x6F, 0x63,
    0x75, 0x73, 0x27, 0x2C, 0x20, 0x28, 0x29, 0x20, 0x3D, 0x3E, 0x20, 0x7B,
    0x0D, 0x0A, 0x20, 0x20, 0x20, 0x20, 0x69, 0x66, 0x20, 0x28, 0x69, 0x6E,
    0x70, 0x75, 0x74, 0x2E, 0x76, 0x61, 0x6C, 0x75, 0x65, 0x20, 0x3D, 0x3D,
    0x3D, 0x20, 0x50, 0x4C, 0x41, 0x43, 0x45, 0x48, 0x4F, 0x4C, 0x44, 0x45,
    0x52, 0x29, 0x20, 0x69, 0x6E, 0x70, 0x75, 0x74, 0x2E, 0x76, 0x61, 0x6C,
    0x75, 0x65, 0x20, 0x3D, 0x20, 0x27, 0x27, 0x3B, 0x0D, 0x0A, 0x20, 0x20,
    0x7D, 0x29, 0x3B, 0x0D, 0x0A, 0x20, 0x20, 0x69, 0x6E, 0x70, 0x75, 0x74,
    0x2E, 0x61, 0x64, 0x64, 0x45, 0x76, 0x65, 0x6E, 0x74, 0x4C, 0x69, 0x73,
    0x74, 0x65, 0x6E, 0x65, 0x72, 0x28, 0x27, 0x62, 0x6C, 0x75, 0x72, 0x27,
    0x2C, 0x20, 0x28, 0x29, 0x20, 0x3D, 0x3E, 0x20, 0x7B, 0x0D, 0x0A, 0x20,
    0x20, 0x20, 0x20, 0x69, 0x66, 0x20, 0x28, 0x21, 0x6E, 0x6F, 0x72, 0x6D,
    0x61, 0x6C, 0x69, 0x7A, 0x65, 0x49, 0x70, 0x53, 0x74, 0x72, 0x69, 0x6E,
    0x67, 0x28, 0x69, 0x6E, 0x70, 0x75, 0x74, 0x2E, 0x76, 0x61, 0x6C, 0x75,
    0x65, 0x29, 0x29, 0x20, 0x69, 0x6E, 0x70, 0x75, 0x74, 0x2E, 0x76, 0x61,
    0x6C, 0x75, 0x65, 0x20, 0x3D, 0x20, 0x50, 0x4C, 0x41, 0x43, 0x45, 0x48,
    0x4F, 0x4C, 0x44, 0x45, 0x52, 0x3B, 0x0D, 0x0A, 0x20, 0x20, 0x7D, 0x29,
    0x3B, 0x0D, 0x0A, 0x20, 0x20, 0x69, 0x6E, 0x70, 0x75, 0x74, 0x2E, 0x61,
    0x64, 0x64, 0x45, 0x76, 0x65, 0x6E, 0x74, 0x4C, 0x69, 0x73, 0x74, 0x65,
    0x6E, 0x65, 0x72, 0x28, 0x27, 0x69, 0x6E, 0x70, 0x75, 0x74, 0x27, 0x2C,
    0x20, 0x28, 0x29, 0x20, 0x3D, 0x3E, 0x20, 0x7B, 0x0D, 0x0A, 0x20, 0x20,
    0x20, 0x20, 0x69, 0x6E, 0x70, 0x75, 0x74, 0x2E, 0x76, 0x61, 0x6C, 0x75,
    0x65, 0x20, 0x3D, 0x20, 0x73, 0x61, 0x6E, 0x69, 0x74, 0x69, 0x7A, 0x65,
    0x49, 0x6E, 0x70, 0x75, 0x74, 0x28, 0x69, 0x6E, 0x70, 0x75, 0x74, 0x2E,
    0x76, 0x61, 0x6C, 0x75, 0x65, 0x29, 0x3B, 0x0D, 0x0A, 0x20, 0x20, 0x7D,
    0x29, 0x3B, 0x0D, 0x0A, 0x7D, 0x0D, 0x0A, 0x66, 0x75, 0x6E, 0x63, 0x74,
    0x69, 0x6F, 0x6E, 0x20, 0x73, 0x65, 0x74, 0x75, 0x70, 0x49, 0x70, 0x49,
    0x6E, 0x70, 0x75, 0x74, 0x73, 0x28, 0x29, 0x20, 0x7B, 0x0D, 0x0A, 0x20,
    0x20, 0x61, 0x74, 0x74, 0x61, 0x63, 0x68, 0x49, 0x70, 0x49, 0x6E, 0x70,
    0x75, 0x74, 0x28, 0x65, 0x6C, 0x2E, 0x69, 0x70, 0x29, 0x3B, 0x0D, 0x0A,
    0x20, 0x20, 0x61, 0x74, 0x74, 0x61, 0x63, 0x68, 0x49, 0x70, 0x49, 0x6E,
    0x70, 0x75, 0x74, 0x28, 0x65, 0x6C, 0x2E, 0x73, 0x75, 0x62, 0x6E, 0x65,
    0x74, 0x29, 0x3B, 0x0D, 0x0A, 0x20, 0x20, 0x61, 0x74, 0x74, 0x61, 0x63,
    0x68, 0x49, 0x70, 0x49, 0x6E, 0x70, 0x75, 0x74, 0x28, 0x65, 0x6C, 0x2E,
    0x67, 0x61, 0x74, 0x65, 0x77, 0x61, 0x79, 0x29, 0x3B, 0x0D, 0x0A, 0x7D,
    0x0D, 0x0A, 0x66, 0x75, 0x6E, 0x63, 0x74, 0x69, 0x6F, 0x6E, 0x20, 0x73,
    0x65, 0x74, 0x49, 0x70, 0x56, 0x61, 0x6C, 0x75, 0x65, 0x28, 0x69, 0x6E,
    0x70, 0x75, 0x74, 0x2C, 0x20, 0x76, 0x61, 0x6C, 0x75, 0x65, 0x29, 0x20,
    0x7B, 0x0D, 0x0A, 0x20, 0x20, 0x69, 0x66, 0x20, 0x28, 0x21, 0x69, 0x6E,
    0x70, 0x75, 0x74, 0x29, 0x20, 0x72, 0x65, 0x74, 0x75, 0x72, 0x6E, 0x3B,
    0x0D, 0x0A, 0x20, 0x20, 0x69, 0x6E, 0x70, 0x75, 0x74, 0x2E, 0x76, 0x61,
    0x6C, 0x75, 0x65, 0x20, 0x3D, 0x20, 0x76, 0x61, 0x6C, 0x75, 0x65, 0x20,
    0x7C, 0x7C, 0x20, 0x50, 0x4C, 0x41, 0x43, 0x45, 0x48, 0x4F, 0x4C, 0x44,
    0x45, 0x52, 0x3B, 0x0D, 0x0A, 0x7D, 0x0D, 0x0A, 0x66, 0x75, 0x6E, 0x63,
    0x74, 0x69, 0x6F, 0x6E, 0x20, 0x67, 0x65, 0x74, 0x49, 0x70, 0x56, 0x61,
    0x6C, 0x75, 0x65, 0x28, 0x69, 0x6E, 0x70, 0x75, 0x74, 0x2C, 0x20, 0x6E,
    0x61, 0x6D, 0x65, 0x29, 0x20, 0x7B, 0x0D, 0x0A, 0x20, 0x20, 0x63, 0x6F,
    0x6E, 0x73, 0x74, 0x20, 0x76, 0x61, 0x6C, 0x75, 0x65, 0x20, 0x3D, 0x20,
    0x6E, 0x6F, 0x72, 0x6D, 0x61, 0x6C, 0x69, 0x7A, 0x65, 0x49, 0x70, 0x53,
    0x74, 0x72, 0x69, 0x6E, 0x67, 0x28, 0x69, 0x6E, 0x70, 0x75, 0x74, 0x20,
    0x3F, 0x20, 0x69, 0x6E, 0x70, 0x75, 0x74, 0x2E, 0x76, 0x61, 0x6C, 0x75,
    0x65, 0x20, 0x3A, 0x20, 0x27, 0x27, 0x29, 0x3B, 0x0D, 0x0A, 0x20, 0x20,
    0x69, 0x66, 0x20, 0x28, 0x21, 0x69, 0x73, 0x56, 0x61, 0x6C, 0x69, 0x64,
    0x49, 0x70, 0x28, 0x76, 0x61, 0x6C, 0x75, 0x65, 0x29, 0x29, 0x20, 0x7B,
    0x0D, 0x0A, 0x20, 0x20, 0x20, 0x20, 0x74, 0x68, 0x72, 0x6F, 0x77, 0x20,
    0x6E, 0x65, 0x77, 0x20, 0x45, 0x72, 0x72, 0x6F, 0x72, 0x28, 0x60, 0x24,
    0x7B, 0x6E, 0x61, 0x6D, 0x65, 0x7D, 0x20, 0x66, 0x6F, 0x72, 0x6D, 0x61,
    0x74, 0x20, 0x69, 0x73, 0x20, 0x69, 0x6E, 0x76, 0x61, 0x6C, 0x69, 0x64,
    0x60, 0x29, 0x3B, 0x0D, 0x0A, 0x20, 0x20, 0x7D, 0x0D, 0x0A, 0x20, 0x20,
    0x72, 0x65, 0x74, 0x75, 0x72, 0x6E, 0x20, 0x76, 0x61, 0x6C, 0x75, 0x65,
    0x3B, 0x0D, 0x0A, 0x7D, 0x0D, 0x0A, 0x0D, 0x0A, 0x0D, 0x0A, 0x2F, 0x2F,
    0x20, 0x3D, 0x3D, 0x3D, 0x3D, 0x3D, 0x20, 0x61, 0x70, 0x69, 0x2E, 0x6A,
    0x73, 0x20, 0x3D, 0x3D, 0x3D, 0x3D, 0x3D, 0x0D, 0x0A, 0x61, 0x73, 0x79,
    0x6E, 0x63, 0x20, 0x66, 0x75, 0x6E, 0x63, 0x74, 0x69, 0x6F, 0x6E, 0x20,
    0x72, 0x65, 0x71, 0x75, 0x65, 0x73, 0x74, 0x54, 0x65, 0x78, 0x74, 0x28,
    0x75, 0x72, 0x6C, 0x2C, 0x20, 0x6F, 0x70, 0x74, 0x69, 0x6F, 0x6E, 0x73,
    0x20, 0x3D, 0x20, 0x7B, 0x7D, 0x29, 0x20, 0x7B, 0x0D, 0x0A, 0x20, 0x20,
    0x63, 0x6F, 0x6E, 0x73, 0x74, 0x20, 0x72, 0x65, 0x73, 0x20, 0x3D, 0x20,
    0x61, 0x77, 0x61, 0x69, 0x74, 0x20, 0x66, 0x65, 0x74, 0x63, 0x68, 0x28,
    0x75, 0x72, 0x6C, 0x2C, 0x20, 0x6F, 0x70, 0x74, 0x69, 0x6F, 0x6E, 0x73,
    0x29, 0x3B, 0x0D, 0x0A, 0x20, 0x20, 0x69, 0x66, 0x20, 0x28, 0x21, 0x72,
    0x65, 0x73, 0x2E, 0x6F, 0x6B, 0x29, 0x20, 0x7B, 0x0D, 0x0A, 0x20, 0x20,
    0x20, 0x20, 0x74, 0x68, 0x72, 0x6F, 0x77, 0x20, 0x6E, 0x65, 0x77, 0x20,
    0x45, 0x72, 0x72, 0x6F, 0x72, 0x28, 0x60, 0x24, 0x7B, 0x75, 0x72, 0x6C,
    0x7D, 0x20, 0x66, 0x61, 0x69, 0x6C, 0x65, 0x64, 0x3A, 0x20, 0x24, 0x7B,
    0x72, 0x65, 0x73, 0x2E, 0x73, 0x74, 0x61, 0x74, 0x75, 0x73, 0x7D, 0x60,
    0x29, 0x3B, 0x0D, 0x0A, 0x20, 0x20, 0x7D, 0x0D, 0x0A, 0x20, 0x20, 0x72,
    0x65, 0x74, 0x75, 0x72, 0x6E, 0x20, 0x61, 0x77, 0x61, 0x69, 0x74, 0x20,
    0x72, 0x65, 0x73, 0x2E, 0x74, 0x65, 0x78, 0x74, 0x28, 0x29, 0x3B, 0x0D,
    0x0A, 0x7D, 0x0D, 0x0A, 0x66, 0x75, 0x6E, 0x63, 0x74, 0x69, 0x6F, 0x6E,
    0x20, 0x67, 0x65, 0x74, 0x53, 0x74, 0x61, 0x74, 0x75, 0x73, 0x28, 0x29,
    0x20, 0x7B, 0x0D, 0x0A, 0x20, 0x20, 0x72, 0x65, 0x74, 0x75, 0x72, 0x6E,
    0x20, 0x72, 0x65, 0x71, 0x75, 0x65, 0x73, 0x74, 0x54, 0x65, 0x78, 0x74,
    0x28, 0x27, 0x2F, 0x73, 0x74, 0x61, 0x74, 0x75, 0x73, 0x27, 0x29, 0x3B,
    0x0D, 0x0A, 0x7D, 0x0D, 0x0A, 0x66, 0x75, 0x6E, 0x63, 0x74, 0x69, 0x6F,
    0x6E, 0x20, 0x70, 0x6F, 0x73, 0x74, 0x47, 0x6F, 0x74, 0x6F, 0x42, 0x6F,
    0x6F, 0x74, 0x28, 0x29, 0x20, 0x7B, 0x0D, 0x0A, 0x20, 0x20, 0x72, 0x65,
    0x74, 0x75, 0x72, 0x6E, 0x20, 0x72, 0x65, 0x71, 0x75, 0x65, 0x73, 0x74,
    0x54, 0x65, 0x78, 0x74, 0x28, 0x27, 0x2F, 0x67, 0x6F, 0x74, 0x6F, 0x62,
    0x6F, 0x6F, 0x74, 0x27, 0x2C, 0x20, 0x7B, 0x20, 0x6D, 0x65, 0x74, 0x68,
    0x6F, 0x64, 0x3A, 0x20, 0x27, 0x50, 0x4F, 0x53, 0x54, 0x27, 0x20, 0x7D,
    0x29, 0x3B, 0x0D, 0x0A, 0x7D, 0x0D, 0x0A, 0x66, 0x75, 0x6E, 0x63, 0x74,
    0x69, 0x6F, 0x6E, 0x20, 0x70, 0x6F, 0x73, 0x74, 0x46, 0x61, 0x63, 0x74,
    0x6F, 0x72, 0x79, 0x53, 0x65, 0x74, 0x28, 0x29, 0x20, 0x7B, 0x0D, 0x0A,
    0x20, 0x20, 0x72, 0x65, 0x74, 0x75, 0x72, 0x6E, 0x20, 0x72, 0x65, 0x71,
    0x75, 0x65, 0x73, 0x74, 0x54, 0x65, 0x78, 0x74, 0x28, 0x27, 0x2F, 0x66,
    0x61, 0x63, 0x74, 0x6F, 0x72, 0x79, 0x53, 0x65, 0x74, 0x27, 0x2C, 0x20,
    0x7B, 0x20, 0x6D, 0x65, 0x74, 0x68, 0x6F, 0x64, 0x3A, 0x20, 0x27, 0x50,
    0x4F, 0x53, 0x54, 0x27, 0x20, 0x7D, 0x29, 0x3B, 0x0D, 0x0A, 0x7D, 0x0D,
    0x0A, 0x66, 0x75, 0x6E, 0x63, 0x74, 0x69, 0x6F, 0x6E, 0x20, 0x70, 0x6F,
    0x73, 0x74, 0x53, 0x79, 0x73, 0x74, 0x65, 0x6D, 0x52, 0x65, 0x73, 0x65,
    0x74, 0x28, 0x29, 0x20, 0x7B, 0x0D, 0x0A, 0x20, 0x20, 0x72, 0x65, 0x74,
    0x75, 0x72, 0x6E, 0x20, 0x72, 0x65, 0x71, 0x75, 0x65, 0x73, 0x74, 0x54,
    0x65, 0x78, 0x74, 0x28, 0x27, 0x2F, 0x73, 0x79, 0x73, 0x74, 0x65, 0x6D,
    0x52, 0x65, 0x73, 0x65, 0x74, 0x27, 0x2C, 0x20, 0x7B, 0x20, 0x6D, 0x65,
    0x74, 0x68, 0x6F, 0x64, 0x3A, 0x20, 0x27, 0x50, 0x4F, 0x53, 0x54, 0x27,
    0x20, 0x7D, 0x29, 0x3B, 0x0D, 0x0A, 0x7D, 0x0D, 0x0A, 0x66, 0x75, 0x6E,
    0x63, 0x74, 0x69, 0x6F, 0x6E, 0x20, 0x70, 0x6F, 0x73, 0x74, 0x41, 0x70,
    0x70, 0x43, 0x6F, 0x6E, 0x66, 0x69, 0x72, 0x6D, 0x28, 0x29, 0x20, 0x7B,
    0x0D, 0x0A, 0x20, 0x20, 0x72, 0x65, 0x74, 0x75, 0x72, 0x6E, 0x20, 0x72,
    0x65, 0x71, 0x75, 0x65, 0x73, 0x74, 0x54, 0x65, 0x78, 0x74, 0x28, 0x27,
    0x2F, 0x61, 0x70, 0x70, 0x63, 0x6F, 0x6E, 0x66, 0x69, 0x72, 0x6D, 0x27,
    0x2C, 0x20, 0x7B, 0x20, 0x6D, 0x65, 0x74, 0x68, 0x6F, 0x64, 0x3A, 0x20,
    0x27, 0x50, 0x4F, 0x53, 0x54, 0x27, 0x20, 0x7D, 0x29, 0x3B, 0x0D, 0x0A,
    0x7D, 0x0D, 0x0A, 0x66, 0x75, 0x6E, 0x63, 0x74, 0x69, 0x6F, 0x6E, 0x20,
    0x70, 0x6F, 0x73, 0x74, 0x53, 0x65, 0x74, 0x54, 0x69, 0x6D, 0x65, 0x28,
    0x74, 0x69, 0x6D, 0x65, 0x53, 0x74, 0x72, 0x29, 0x20, 0x7B, 0x0D, 0x0A,
    0x20, 0x20, 0x72, 0x65, 0x74, 0x75, 0x72, 0x6E, 0x20, 0x72, 0x65, 0x71,
    0x75, 0x65, 0x73, 0x74, 0x54, 0x65, 0x78, 0x74, 0x28, 0x27, 0x2F, 0x73,
    0x65, 0x74, 0x74, 0x69, 0x6D, 0x65, 0x27, 0x2C, 0x20, 0x7B, 0x0D, 0x0A,
    0x20, 0x20, 0x20, 0x20, 0x6D, 0x65, 0x74, 0x68, 0x6F, 0x64, 0x3A, 0x20,
    0x27, 0x50, 0x4F, 0x53, 0x54, 0x27, 0x2C, 0x0D, 0x0A, 0x20, 0x20, 0x20,
    0x20, 0x68, 0x65, 0x61, 0x64, 0x65, 0x72, 0x73, 0x3A, 0x20, 0x7B, 0x20,
    0x27, 0x43, 0x6F, 0x6E, 0x74, 0x65, 0x6E, 0x74, 0x2D, 0x54, 0x79, 0x70,
    0x65, 0x27, 0x3A, 0x20, 0x27, 0x74, 0x65, 0x78, 0x74, 0x2F, 0x70, 0x6C,
    0x61, 0x69, 0x6E, 0x27, 0x20, 0x7D, 0x2C, 0x0D, 0x0A, 0x20, 0x20, 0x20,
    0x20, 0x62, 0x6F, 0x64, 0x79, 0x3A, 0x20, 0x60, 0x74, 0x69, 0x6D, 0x65,
    0x3D, 0x24, 0x7B, 0x74, 0x69, 0x6D, 0x65, 0x53, 0x74, 0x72, 0x7D, 0x60,
    0x0D, 0x0A, 0x20, 0x20, 0x7D, 0x29, 0x3B, 0x0D, 0x0A, 0x7D, 0x0D, 0x0A,
    0x66, 0x75, 0x6E, 0x63, 0x74, 0x69, 0x6F, 0x6E, 0x20, 0x67, 0x65, 0x74,
    0x4E, 0x65, 0x74, 0x77, 0x6F, 0x72, 0x6B, 0x49, 0x6E, 0x66, 0x6F, 0x28,
    0x29, 0x20, 0x7B, 0x0D, 0x0A, 0x20, 0x20, 0x72, 0x65, 0x74, 0x75, 0x72,
    0x6E, 0x20, 0x72, 0x65, 0x71, 0x75, 0x65, 0x73, 0x74, 0x54, 0x65, 0x78,
    0x74, 0x28, 0x27, 0x2F, 0x67, 0x65, 0x74, 0x4E, 0x65, 0x74, 0x77, 0x6F,
    0x72, 0x6B, 0x27, 0x29, 0x3B, 0x0D, 0x0A, 0x7D, 0x0D, 0x0A, 0x66, 0x75,
    0x6E, 0x63, 0x74, 0x69, 0x6F, 0x6E, 0x20, 0x70, 0x6F, 0x73, 0x74, 0x53,
    0x65, 0x74, 0x4E, 0x65, 0x74, 0x77, 0x6F, 0x72, 0x6B, 0x28, 0x69, 0x70,
    0x2C, 0x20, 0x73, 0x75, 0x62, 0x6E, 0x65, 0x74, 0x2C, 0x20, 0x67, 0x61,
    0x74, 0x65, 0x77, 0x61, 0x79, 0x29, 0x20, 0x7B, 0x0D, 0x0A, 0x20, 0x20,
    0x63, 0x6F, 0x6E, 0x73, 0x74, 0x20, 0x62, 0x6F, 0x64, 0x79, 0x20, 0x3D,
    0x20, 0x60, 0x69, 0x70, 0x3D, 0x24, 0x7B, 0x69, 0x70, 0x7D, 0x5C, 0x6E,
    0x73, 0x75, 0x62, 0x6E, 0x65, 0x74, 0x3D, 0x24, 0x7B, 0x73, 0x75, 0x62,
    0x6E, 0x65, 0x74, 0x7D, 0x5C, 0x6E, 0x67, 0x61, 0x74, 0x65, 0x77, 0x61,
    0x79, 0x3D, 0x24, 0x7B, 0x67, 0x61, 0x74, 0x65, 0x77, 0x61, 0x79, 0x7D,
    0x60, 0x3B, 0x0D, 0x0A, 0x20, 0x20, 0x72, 0x65, 0x74, 0x75, 0x72, 0x6E,
    0x20, 0x72, 0x65, 0x71, 0x75, 0x65, 0x73, 0x74, 0x54, 0x65, 0x78, 0x74,
    0x28, 0x27, 0x2F, 0x73, 0x65, 0x74, 0x4E, 0x65, 0x74, 0x77, 0x6F, 0x72,
    0x6B, 0x27, 0x2C, 0x20, 0x7B, 0x0D, 0x0A, 0x20, 0x20, 0x20, 0x20, 0x6D,
    0x65, 0x74, 0x68, 0x6F, 0x64, 0x3A, 0x20, 0x27, 0x50, 0x4F, 0x53, 0x54,
    0x27, 0x2C, 0x0D, 0x0A, 0x20, 0x20, 0x20, 0x20, 0x68, 0x65, 0x61, 0x64,
    0x65, 0x72, 0x73, 0x3A, 0x20, 0x7B, 0x20, 0x27, 0x43, 0x6F, 0x6E, 0x74,
    0x65, 0x6E, 0x74, 0x2D, 0x54, 0x79, 0x70, 0x65, 0x27, 0x3A, 0x20, 0x27,
    0x74, 0x65, 0x78, 0x74, 0x2F, 0x70, 0x6C, 0x61, 0x69, 0x6E, 0x27, 0x20,
    0x7D, 0x2C, 0x0D, 0x0A, 0x20, 0x20, 0x20, 0x20, 0x62, 0x6F, 0x64, 0x79,
    0x0D, 0x0A, 0x20, 0x20, 0x7D, 0x29, 0x3B, 0x0D, 0x0A, 0x7D, 0x0D, 0x0A,
    0x66, 0x75, 0x6E, 0x63, 0x74, 0x69, 0x6F, 0x6E, 0x20, 0x70, 0x6F, 0x73,
    0x74, 0x46, 0x73, 0x4C, 0x69, 0x73, 0x74, 0x28, 0x70, 0x61, 0x74, 0x68,
    0x29, 0x20, 0x7B, 0x0D, 0x0A, 0x20, 0x20, 0x63, 0x6F, 0x6E, 0x73, 0x74,
    0x20, 0x62, 0x6F, 0x64, 0x79, 0x20, 0x3D, 0x20, 0x28, 0x70, 0x61, 0x74,
    0x68, 0x20, 0x26, 0x26, 0x20, 0x70, 0x61, 0x74, 0x68, 0x20, 0x21, 0x3D,
    0x3D, 0x20, 0x27, 0x2F, 0x27, 0x29, 0x20, 0x3F, 0x20, 0x60, 0x70, 0x61,
    0x74, 0x68, 0x3D, 0x24, 0x7B, 0x70, 0x61, 0x74, 0x68, 0x7D, 0x60, 0x20,
    0x3A, 0x20, 0x27, 0x70, 0x61, 0x74, 0x68, 0x3D, 0x2F, 0x27, 0x3B, 0x0D,
    0x0A, 0x20, 0x20, 0x72, 0x65, 0x74, 0x75, 0x72, 0x6E, 0x20, 0x72, 0x65,
    0x71, 0x75, 0x65, 0x73, 0x74, 0x54, 0x65, 0x78, 0x74, 0x28, 0x27, 0x2F,
    0x66, 0x73, 0x2F, 0x6C, 0x69, 0x73, 0x74, 0x27, 0x2C, 0x20, 0x7B, 0x0D,
    0x0A, 0x20, 0x20, 0x20, 0x20, 0x6D, 0x65, 0x74, 0x68, 0x6F, 0x64, 0x3A,
    0x20, 0x27, 0x50, 0x4F, 0x53, 0x54, 0x27, 0x2C, 0x0D, 0x0A, 0x20, 0x20,
    0x20, 0x20, 0x68, 0x65, 0x61, 0x64, 0x65, 0x72, 0x73, 0x3A, 0x20, 0x7B,
    0x20, 0x27, 0x43, 0x6F, 0x6E, 0x74, 0x65, 0x6E, 0x74, 0x2D, 0x54, 0x79,
    0x70, 0x65, 0x27, 0x3A, 0x20, 0x27, 0x74, 0x65, 0x78, 0x74, 0x2F, 0x70,
    0x6C, 0x61, 0x69, 0x6E, 0x27, 0x20, 0x7D, 0x2C, 0x0D, 0x0A, 0x20, 0x20,
    0x20, 0x20, 0x62, 0x6F, 0x64, 0x79, 0x0D, 0x0A, 0x20, 0x20, 0x7D, 0x29,
    0x3B, 0x0D, 0x0A, 0x7D, 0x0D, 0x0A, 0x66, 0x75, 0x6E, 0x63, 0x74, 0x69,
    0x6F, 0x6E, 0x20, 0x70, 0x6F, 0x73, 0x74, 0x46, 0x73, 0x52, 0x65, 0x61,
    0x64, 0x28, 0x66, 0x69, 0x6C, 0x65, 0x6E, 0x61, 0x6D, 0x65, 0x29, 0x20,
    0x7B, 0x0D, 0x0A, 0x20, 0x20, 0x72, 0x65, 0x74, 0x75, 0x72, 0x6E, 0x20,
    0x72, 0x65, 0x71, 0x75, 0x65, 0x73, 0x74, 0x54, 0x65, 0x78, 0x74, 0x28,
    0x27, 0x2F, 0x66, 0x73, 0x2F, 0x72, 0x65, 0x61, 0x64, 0x27, 0x2C, 0x20,
    0x7B, 0x0D, 0x0A, 0x20, 0x20, 0x20, 0x20, 0x6D, 0x65, 0x74, 0x68, 0x6F,
    0x64, 0x3A, 0x20, 0x27, 0x50, 0x4F, 0x53, 0x54, 0x27, 0x2C, 0x0D, 0x0A,
    0x20, 0x20, 0x20, 0x20, 0x68, 0x65, 0x61, 0x64, 0x65, 0x72, 0x73, 0x3A,
    0x20, 0x7B, 0x20, 0x27, 0x43, 0x6F, 0x6E, 0x74, 0x65, 0x6E, 0x74, 0x2D,
    0x54, 0x79, 0x70, 0x65, 0x27, 0x3A, 0x20, 0x27, 0x74, 0x65, 0x78, 0x74,
    0x2F, 0x70, 0x6C, 0x61, 0x69, 0x6E, 0x27, 0x20, 0x7D, 0x2C, 0x0D, 0x0A,
    0x20, 0x20, 0x20, 0x20, 0x62, 0x6F, 0x64, 0x79, 0x3A, 0x20, 0x60, 0x70,
    0x61, 0x74, 0x68, 0x3D, 0x24, 0x7B, 0x66, 0x69, 0x6C, 0x65, 0x6E, 0x61,
    0x6D, 0x65, 0x7D, 0x60, 0x0D, 0x0A, 0x20, 0x20, 0x7D, 0x29, 0x3B, 0x0D,
    0x0A, 0x7D, 0x0D, 0x0A, 0x66, 0x75, 0x6E, 0x63, 0x74, 0x69, 0x6F, 0x6E,
    0x20, 0x70, 0x6F, 0x73, 0x74, 0x46, 0x73, 0x57, 0x72, 0x69, 0x74, 0x65,
    0x28, 0x66, 0x69, 0x6C, 0x65, 0x6E, 0x61, 0x6D, 0x65, 0x2C, 0x20, 0x63,
    0x6F, 0x6E, 0x74, 0x65, 0x6E, 0x74, 0x29, 0x20, 0x7B, 0x0D, 0x0A, 0x20,
    0x20, 0x72, 0x65, 0x74, 0x75, 0x72, 0x6E, 0x20, 0x72, 0x65, 0x71, 0x75,
    0x65, 0x73, 0x74, 0x54, 0x65, 0x78, 0x74, 0x28, 0x27, 0x2F, 0x66, 0x73,
    0x2F, 0x77, 0x72, 0x69, 0x74, 0x65, 0x27, 0x2C, 0x20, 0x7B, 0x0D, 0x0A,
    0x20, 0x20, 0x20, 0x20, 0x6D, 0x65, 0x74, 0x68, 0x6F, 0x64, 0x3A, 0x20,
    0x27, 0x50, 0x4F, 0x53, 0x54, 0x27, 0x2C, 0x0D, 0x0A, 0x20, 0x20, 0x20,
    0x20, 0x68, 0x65, 0x61, 0x64, 0x65, 0x72, 0x73, 0x3A, 0x20, 0x7B, 0x20,
    0x27, 0x43, 0x6F, 0x6E, 0x74, 0x65, 0x6E, 0x74, 0x2D, 0x54, 0x79, 0x70,
    0x65, 0x27, 0x3A, 0x20, 0x27, 0x74, 0x65, 0x78, 0x74, 0x2F, 0x70, 0x6C,
    0x61, 0x69, 0x6E, 0x27, 0x20, 0x7D, 0x2C, 0x0D, 0x0A, 0x20, 0x20, 0x20,
    0x20, 0x62, 0x6F, 0x64, 0x79, 0x3A, 0x20, 0x60, 0x70, 0x61, 0x74, 0x68,
    0x3D, 0x24, 0x7B, 0x66, 0x69, 0x6C, 0x65, 0x6E, 0x61, 0x6D, 0x65, 0x7D,
    0x5C, 0x6E, 0x24, 0x7B, 0x63, 0x6F, 0x6E, 0x74, 0x65, 0x6E, 0x74, 0x7D,
    0x60, 0x0D, 0x0A, 0x20, 0x20, 0x7D, 0x29, 0x3B, 0x0D, 0x0A, 0x7D, 0x0D,
    0x0A, 0x66, 0x75, 0x6E, 0x63, 0x74, 0x69, 0x6F, 0x6E, 0x20, 0x70, 0x6F,
    0x73, 0x74, 0x46, 0x73, 0x44, 0x65, 0x6C, 0x65, 0x74, 0x65, 0x28, 0x66,
    0x69, 0x6C, 0x65, 0x6E, 0x61, 0x6D, 0x65, 0x29, 0x20, 0x7B, 0x0D, 0x0A,
    0x20, 0x20, 0x72, 0x65, 0x74, 0x75, 0x72, 0x6E, 0x20, 0x72, 0x65, 0x71,
    0x75, 0x65, 0x73, 0x74, 0x54, 0x65, 0x78, 0x74, 0x28, 0x27, 0x2F, 0x66,
    0x73, 0x2F, 0x64, 0x65, 0x6C, 0x65, 0x74, 0x65, 0x27, 0x2C, 0x20, 0x7B,
    0x0D, 0x0A, 0x20, 0x20, 0x20, 0x20, 0x6D, 0x65, 0x74, 0x68, 0x6F, 0x64,
    0x3A, 0x20, 0x27, 0x50, 0x4F, 0x53, 0x54, 0x27, 0x2C, 0x0D, 0x0A, 0x20,
    0x20, 0x20, 0x20, 0x68, 0x65, 0x61, 0x64, 0x65, 0x72, 0x73, 0x3A, 0x20,
    0x7B, 0x20, 0x27, 0x43, 0x6F, 0x6E, 0x74, 0x65, 0x6E, 0x74, 0x2D, 0x54,
    0x79, 0x70, 0x65, 0x27, 0x3A, 0x20, 0x27, 0x74, 0x65, 0x78, 0x74, 0x2F,
    0x70, 0x6C, 0x61, 0x69, 0x6E, 0x27, 0x20, 0x7D, 0x2C, 0x0D, 0x0A, 0x20,
    0x20, 0x20, 0x20, 0x62, 0x6F, 0x64, 0x79, 0x3A, 0x20, 0x60, 0x70, 0x61,
    0x74, 0x68, 0x3D, 0x24, 0x7B, 0x66, 0x69, 0x6C, 0x65, 0x6E, 0x61, 0x6D,
    0x65, 0x7D, 0x60, 0x0D, 0x0A, 0x20, 0x20, 0x7D, 0x29, 0x3B, 0x0D, 0x0A,
    0x7D, 0x0D, 0x0A, 0x61, 0x73, 0x79, 0x6E, 0x63, 0x20, 0x66, 0x75, 0x6E,
    0x63, 0x74, 0x69, 0x6F, 0x6E, 0x20, 0x70, 0x6F, 0x73, 0x74, 0x46, 0x73,
    0x55, 0x70, 0x6C, 0x6F, 0x61, 0x64, 0x43, 0x68, 0x75, 0x6E, 0x6B, 0x28,
    0x72, 0x65, 0x6D, 0x6F, 0x74, 0x65, 0x50, 0x61, 0x74, 0x68, 0x2C, 0x20,
    0x6F, 0x66, 0x66, 0x73, 0x65, 0x74, 0x2C, 0x20, 0x63, 0x68, 0x75, 0x6E,
    0x6B, 0x42, 0x79, 0x74, 0x65, 0x73, 0x29, 0x20, 0x7B, 0x0D, 0x0A, 0x20,
    0x20, 0x63, 0x6F, 0x6E, 0x73, 0x74, 0x20, 0x68, 0x65, 0x61, 0x64, 0x65,
    0x72, 0x20, 0x3D, 0x20, 0x6E, 0x65, 0x77, 0x20, 0x54, 0x65, 0x78, 0x74,
    0x45, 0x6E, 0x63, 0x6F, 0x64, 0x65, 0x72, 0x28, 0x29, 0x2E, 0x65, 0x6E,
    0x63, 0x6F, 0x64, 0x65, 0x28, 0x60, 0x70, 0x61, 0x74, 0x68, 0x3D, 0x24,
    0x7B, 0x72, 0x65, 0x6D, 0x6F, 0x74, 0x65, 0x50, 0x61, 0x74, 0x68, 0x7D,
    0x5C, 0x6E, 0x6F, 0x66, 0x66, 0x73, 0x65, 0x74, 0x3D, 0x24, 0x7B, 0x6F,
    0x66, 0x66, 0x73, 0x65, 0x74, 0x7D, 0x5C, 0x6E, 0x60, 0x29, 0x3B, 0x0D,
    0x0A, 0x20, 0x20, 0x63, 0x6F, 0x6E, 0x73, 0x74, 0x20, 0x62, 0x6F, 0x64,
    0x79, 0x20, 0x3D, 0x20, 0x6E, 0x65, 0x77, 0x20, 0x55, 0x69, 0x6E, 0x74,
    0x38, 0x41, 0x72, 0x72, 0x61, 0x79, 0x28, 0x68, 0x65, 0x61, 0x64, 0x65,
    0x72, 0x2E, 0x6C, 0x65, 0x6E, 0x67, 0x74, 0x68, 0x20, 0x2B, 0x20, 0x63,
    0x68, 0x75, 0x6E, 0x6B, 0x42, 0x79, 0x74, 0x65, 0x73, 0x2E, 0x6C, 0x65,
    0x6E, 0x67, 0x74, 0x68, 0x29, 0x3B, 0x0D, 0x0A, 0x20, 0x20, 0x62, 0x6F,
    0x64, 0x79, 0x2E, 0x73, 0x65, 0x74, 0x28, 0x68, 0x65, 0x61, 0x64, 0x65,
    0x72, 0x2C, 0x20, 0x30, 0x29, 0x3B, 0x0D, 0x0A, 0x20, 0x20, 0x62, 0x6F,
    0x64, 0x79, 0x2E, 0x73, 0x65, 0x74, 0x28, 0x63, 0x68, 0x75, 0x6E, 0x6B,
    0x42, 0x79, 0x74, 0x65, 0x73, 0x2C, 0x20, 0x68, 0x65, 0x61, 0x64, 0x65,
    0x72, 0x2E, 0x6C, 0x65, 0x6E, 0x67, 0x74, 0x68, 0x29, 0x3B, 0x0D, 0x0A,
    0x20, 0x20, 0x63, 0x6F, 0x6E, 0x73, 0x74, 0x20, 0x72, 0x65, 0x73, 0x20,
    0x3D, 0x20, 0x61, 0x77, 0x61, 0x69, 0x74, 0x20, 0x66, 0x65, 0x74, 0x63,
    0x68, 0x28, 0x27, 0x2F, 0x66, 0x73, 0x2F, 0x75, 0x70, 0x6C, 0x6F, 0x61,
    0x64, 0x27, 0x2C, 0x20, 0x7B, 0x0D, 0x0A, 0x20, 0x20, 0x20, 0x20, 0x6D,
    0x65, 0x74, 0x68, 0x6F, 0x64, 0x3A, 0x20, 0x27, 0x50, 0x4F, 0x53, 0x54,
    0x27, 0x2C, 0x0D, 0x0A, 0x20, 0x20, 0x20, 0x20, 0x68, 0x65, 0x61, 0x64,
    0x65, 0x72, 0x73, 0x3A, 0x20, 0x7B, 0x20, 0x27, 0x43, 0x6F, 0x6E, 0x74,
    0x65, 0x6E, 0x74, 0x2D, 0x54, 0x79, 0x70, 0x65, 0x27, 0x3A, 0x20, 0x27,
    0x61, 0x70, 0x70, 0x6C, 0x69, 0x63, 0x61, 0x74, 0x69, 0x6F, 0x6E, 0x2F,
    0x6F, 0x63, 0x74, 0x65, 0x74, 0x2D, 0x73, 0x74, 0x72, 0x65, 0x61, 0x6D,
    0x27, 0x20, 0x7D, 0x2C, 0x0D, 0x0A, 0x20, 0x20, 0x20, 0x20, 0x62, 0x6F,
    0x64, 0x79, 0x0D, 0x0A, 0x20, 0x20, 0x7D, 0x29, 0x3B, 0x0D, 0x0A, 0x20,
    0x20, 0x69, 0x66, 0x20, 0x28, 0x21, 0x72, 0x65, 0x73, 0x2E, 0x6F, 0x6B,
    0x29, 0x20, 0x74, 0x68, 0x72, 0x6F, 0x77, 0x20, 0x6E, 0x65, 0x77, 0x20,
    0x45, 0x72, 0x72, 0x6F, 0x72, 0x28, 0x60, 0x2F, 0x66, 0x73, 0x2F, 0x75,
    0x70, 0x6C, 0x6F, 0x61, 0x64, 0x20, 0x66, 0x61, 0x69, 0x6C, 0x65, 0x64,
    0x3A, 0x20, 0x24, 0x7B, 0x72, 0x65, 0x73, 0x2E, 0x73, 0x74, 0x61, 0x74,
    0x75, 0x73, 0x7D, 0x60, 0x29, 0x3B, 0x0D, 0x0A, 0x20, 0x20, 0x72, 0x65,
    0x74, 0x75, 0x72, 0x6E, 0x20, 0x61, 0x77, 0x61, 0x69, 0x74, 0x20, 0x72,
    0x65, 0x73, 0x2E, 0x74, 0x65, 0x78, 0x74, 0x28, 0x29, 0x3B, 0x0D, 0x0A,
    0x7D, 0x0D, 0x0A, 0x61, 0x73, 0x79, 0x6E, 0x63, 0x20, 0x66, 0x75, 0x6E,
    0x63, 0x74, 0x69, 0x6F, 0x6E, 0x20, 0x64, 0x6F, 0x77, 0x6E, 0x6C, 0x6F,
    0x61, 0x64, 0x46, 0x73, 0x46, 0x69, 0x6C, 0x65, 0x28, 0x66, 0x75, 0x6C,
    0x6C, 0x50, 0x61, 0x74, 0x68, 0x29, 0x20, 0x7B, 0x0D, 0x0A, 0x20, 0x20,
    0x63, 0x6F, 0x6E, 0x73, 0x74, 0x20, 0x72, 0x65, 0x73, 0x20, 0x3D, 0x20,
    0x61, 0x77, 0x61, 0x69, 0x74, 0x20, 0x66, 0x65, 0x74, 0x63, 0x68, 0x28,
    0x27, 0x2F, 0x66, 0x73, 0x2F, 0x64, 0x6F, 0x77, 0x6E, 0x6C, 0x6F, 0x61,
    0x64, 0x27, 0x2C, 0x20, 0x7B, 0x0D, 0x0A, 0x20, 0x20, 0x20, 0x20, 0x6D,
    0x65, 0x74, 0x68, 0x6F, 0x64, 0x3A, 0x20, 0x27, 0x50, 0x4F, 0x53, 0x54,
    0x27, 0x2C, 0x0D, 0x0A, 0x20, 0x20, 0x20, 0x20, 0x68, 0x65, 0x61, 0x64,
    0x65, 0x72, 0x73, 0x3A, 0x20, 0x7B, 0x20, 0x27, 0x43, 0x6F, 0x6E, 0x74,
    0x65, 0x6E, 0x74, 0x2D, 0x54, 0x79, 0x70, 0x65, 0x27, 0x3A, 0x20, 0x27,
    0x74, 0x65, 0x78, 0x74, 0x2F, 0x70, 0x6C, 0x61, 0x69, 0x6E, 0x27, 0x20,
    0x7D, 0x2C, 0x0D, 0x0A, 0x20, 0x20, 0x20, 0x20, 0x62, 0x6F, 0x64, 0x79,
    0x3A, 0x20, 0x60, 0x70, 0x61, 0x74, 0x68, 0x3D, 0x24, 0x7B, 0x66, 0x75,
    0x6C, 0x6C, 0x50, 0x61, 0x74, 0x68, 0x7D, 0x60, 0x0D, 0x0A, 0x20, 0x20,
    0x7D, 0x29, 0x3B, 0x0D, 0x0A, 0x20, 0x20, 0x69, 0x66, 0x20, 0x28, 0x21,
    0x72, 0x65, 0x73, 0x2E, 0x6F, 0x6B, 0x29, 0x20, 0x74, 0x68, 0x72, 0x6F,
    0x77, 0x20, 0x6E, 0x65, 0x77, 0x20, 0x45, 0x72, 0x72, 0x6F, 0x72, 0x28,
    0x60, 0x2F, 0x66, 0x73, 0x2F, 0x64, 0x6F, 0x77, 0x6E, 0x6C, 0x6F, 0x61,
    0x64, 0x20, 0x66, 0x61, 0x69, 0x6C, 0x65, 0x64, 0x3A, 0x20, 0x24, 0x7B,
    0x72, 0x65, 0x73, 0x2E, 0x73, 0x74, 0x61, 0x74, 0x75, 0x73, 0x7D, 0x60,
    0x29, 0x3B, 0x0D, 0x0A, 0x20, 0x20, 0x63, 0x6F, 0x6E, 0x73, 0x74, 0x20,
    0x62, 0x6C, 0x6F, 0x62, 0x20, 0x3D, 0x20, 0x61, 0x77, 0x61, 0x69, 0x74,
    0x20, 0x72, 0x65, 0x73, 0x2E, 0x62, 0x6C, 0x6F, 0x62, 0x28, 0x29, 0x3B,
    0x0D, 0x0A, 0x20, 0x20, 0x63, 0x6F, 0x6E, 0x73, 0x74, 0x20, 0x66, 0x69,
    0x6C, 0x65, 0x6E, 0x61, 0x6D, 0x65, 0x20, 0x3D, 0x20, 0x66, 0x75, 0x6C,
    0x6C, 0x50, 0x61, 0x74, 0x68, 0x2E, 0x73, 0x70, 0x6C, 0x69, 0x74, 0x28,
    0x27, 0x2F, 0x27, 0x29, 0x2E, 0x70, 0x6F, 0x70, 0x28, 0x29, 0x3B, 0x0D,
    0x0A, 0x20, 0x20, 0x63, 0x6F, 0x6E, 0x73, 0x74, 0x20, 0x75, 0x72, 0x6C,
    0x20, 0x3D, 0x20, 0x55, 0x52, 0x4C, 0x2E, 0x63, 0x72, 0x65, 0x61, 0x74,
    0x65, 0x4F, 0x62, 0x6A, 0x65, 0x63, 0x74, 0x55, 0x52, 0x4C, 0x28, 0x62,
    0x6C, 0x6F, 0x62, 0x29, 0x3B, 0x0D, 0x0A, 0x20, 0x20, 0x63, 0x6F, 0x6E,
    0x73, 0x74, 0x20, 0x61, 0x20, 0x3D, 0x20, 0x64, 0x6F, 0x63, 0x75, 0x6D,
    0x65, 0x6E, 0x74, 0x2E, 0x63, 0x72, 0x65, 0x61, 0x74, 0x65, 0x45, 0x6C,
    0x65, 0x6D, 0x65, 0x6E, 0x74, 0x28, 0x27, 0x61, 0x27, 0x29, 0x3B, 0x0D,
    0x0A, 0x20, 0x20, 0x61, 0x2E, 0x68, 0x72, 0x65, 0x66, 0x20, 0x3D, 0x20,
    0x75, 0x72, 0x6C, 0x3B, 0x0D, 0x0A, 0x20, 0x20, 0x61, 0x2E, 0x64, 0x6F,
    0x77, 0x6E, 0x6C, 0x6F, 0x61, 0x64, 0x20, 0x3D, 0x20, 0x66, 0x69, 0x6C,
    0x65, 0x6E, 0x61, 0x6D, 0x65, 0x3B, 0x0D, 0x0A, 0x20, 0x20, 0x64, 0x6F,
    0x63, 0x75, 0x6D, 0x65, 0x6E, 0x74, 0x2E, 0x62, 0x6F, 0x64, 0x79, 0x2E,
    0x61, 0x70, 0x70, 0x65, 0x6E, 0x64, 0x43, 0x68, 0x69, 0x6C, 0x64, 0x28,
    0x61, 0x29, 0x3B, 0x0D, 0x0A, 0x20, 0x20, 0x61, 0x2E, 0x63, 0x6C, 0x69,
    0x63, 0x6B, 0x28, 0x29, 0x3B, 0x0D, 0x0A, 0x20, 0x20, 0x64, 0x6F, 0x63,
    0x75, 0x6D, 0x65, 0x6E, 0x74, 0x2E, 0x62, 0x6F, 0x64, 0x79, 0x2E, 0x72,
    0x65, 0x6D, 0x6F, 0x76, 0x65, 0x43, 0x68, 0x69, 0x6C, 0x64, 0x28, 0x61,
    0x29, 0x3B, 0x0D, 0x0A, 0x20, 0x20, 0x55, 0x52, 0x4C, 0x2E, 0x72, 0x65,
    0x76, 0x6F, 0x6B, 0x65, 0x4F, 0x62, 0x6A, 0x65, 0x63, 0x74, 0x55, 0x52,
    0x4C, 0x28, 0x75, 0x72, 0x6C, 0x29, 0x3B, 0x0D, 0x0A, 0x7D, 0x0D, 0x0A,
    0x0D, 0x0A, 0x0D, 0x0A, 0x2F, 0x2F, 0x20, 0x3D, 0x3D, 0x3D, 0x3D, 0x3D,
    0x20, 0x73, 0x74, 0x61, 0x74, 0x75, 0x73, 0x2E, 0x6A, 0x73, 0x20, 0x3D,
    0x3D, 0x3D, 0x3D, 0x3D, 0x0D, 0x0A, 0x61, 0x73, 0x79, 0x6E, 0x63, 0x20,
    0x66, 0x75, 0x6E, 0x63, 0x74, 0x69, 0x6F, 0x6E, 0x20, 0x70, 0x6F, 0x6C,
    0x6C, 0x4F, 0x6E, 0x63, 0x65, 0x28, 0x29, 0x20, 0x7B, 0x0D, 0x0A, 0x20,
    0x20, 0x63, 0x6F, 0x6E, 0x73, 0x74, 0x20, 0x74, 0x78, 0x74, 0x20, 0x3D,
    0x20, 0x61, 0x77, 0x61, 0x69, 0x74, 0x20, 0x67, 0x65, 0x74, 0x53, 0x74,
    0x61, 0x74, 0x75, 0x73, 0x28, 0x29, 0x3B, 0x0D, 0x0A, 0x20, 0x20, 0x63,
    0x6F, 0x6E, 0x73, 0x74, 0x20, 0x64, 0x61, 0x74, 0x61, 0x20, 0x3D, 0x20,
    0x70, 0x61, 0x72, 0x73, 0x65, 0x4B, 0x65, 0x79, 0x56, 0x61, 0x6C, 0x75,
    0x65, 0x28, 0x74, 0x78, 0x74, 0x29, 0x3B, 0x0D, 0x0A, 0x0D, 0x0A, 0x20,
    0x20, 0x65, 0x6C, 0x2E, 0x6D, 0x6F, 0x64, 0x65, 0x6C, 0x4E, 0x61, 0x6D,
    0x65, 0x2E, 0x69, 0x6E, 0x6E, 0x65, 0x72, 0x54, 0x65, 0x78, 0x74, 0x20,
    0x3D, 0x20, 0x64, 0x61, 0x74, 0x61, 0x2E, 0x6D, 0x6F, 0x64, 0x65, 0x6C,
    0x20, 0x7C, 0x7C, 0x20, 0x27, 0x55, 0x6E, 0x6B, 0x6E, 0x6F, 0x77, 0x6E,
    0x27, 0x3B, 0x0D, 0x0A, 0x20, 0x20, 0x65, 0x6C, 0x2E, 0x61, 0x70, 0x70,
    0x43, 0x6F, 0x6E, 0x66, 0x69, 0x72, 0x6D, 0x65, 0x64, 0x2E, 0x69, 0x6E,
    0x6E, 0x65, 0x72, 0x54, 0x65, 0x78, 0x74, 0x20, 0x3D, 0x20, 0x64, 0x61,
    0x74, 0x61, 0x2E, 0x73, 0x74, 0x61, 0x74, 0x75, 0x73, 0x20, 0x7C, 0x7C,
    0x20, 0x27, 0x4E, 0x6F, 0x6E, 0x65, 0x27, 0x3B, 0x0D, 0x0A, 0x20, 0x20,
    0x65, 0x6C, 0x2E, 0x72, 0x74, 0x63, 0x54, 0x69, 0x6D, 0x65, 0x2E, 0x69,
    0x6E, 0x6E, 0x65, 0x72, 0x54, 0x65, 0x78, 0x74, 0x20, 0x3D, 0x20, 0x64,
    0x61, 0x74, 0x61, 0x2E, 0x74, 0x69, 0x6D, 0x65, 0x20, 0x7C, 0x7C, 0x20,
    0x27, 0x27, 0x3B, 0x0D, 0x0A, 0x0D, 0x0A, 0x20, 0x20, 0x69, 0x66, 0x20,
    0x28, 0x64, 0x61, 0x74, 0x61, 0x2E, 0x73, 0x74, 0x61, 0x74, 0x75, 0x73,
    0x20, 0x3D, 0x3D, 0x3D, 0x20, 0x27, 0x4E, 0x4F, 0x27, 0x29, 0x20, 0x7B,
    0x0D, 0x0A, 0x20, 0x20, 0x20, 0x20, 0x73, 0x74, 0x61, 0x72, 0x74, 0x41,
    0x75, 0x74, 0x6F, 0x41, 0x70, 0x70, 0x43, 0x6F, 0x6E, 0x66, 0x69, 0x72,
    0x6D, 0x28, 0x29, 0x3B, 0x0D, 0x0A, 0x20, 0x20, 0x7D, 0x20, 0x65, 0x6C,
    0x73, 0x65, 0x20, 0x7B, 0x0D, 0x0A, 0x20, 0x20, 0x20, 0x20, 0x73, 0x74,
    0x6F, 0x70, 0x41, 0x75, 0x74, 0x6F, 0x41, 0x70, 0x70, 0x43, 0x6F, 0x6E,
    0x66, 0x69, 0x72, 0x6D, 0x28, 0x29, 0x3B, 0x0D, 0x0A, 0x20, 0x20, 0x7D,
    0x0D, 0x0A, 0x7D, 0x0D, 0x0A, 0x66, 0x75, 0x6E, 0x63, 0x74, 0x69, 0x6F,
    0x6E, 0x20, 0x73, 0x74, 0x61, 0x72, 0x74, 0x41, 0x75, 0x74, 0x6F, 0x41,
    0x70, 0x70, 0x43, 0x6F, 0x6E, 0x66, 0x69, 0x72, 0x6D, 0x28, 0x29, 0x20,
    0x7B, 0x0D, 0x0A, 0x20, 0x20, 0x69, 0x66, 0x20, 0x28, 0x73, 0x74, 0x61,
    0x74, 0x65, 0x2E, 0x61, 0x70, 0x70, 0x43, 0x6F, 0x6E, 0x66, 0x69, 0x72,
    0x6D, 0x54, 0x69, 0x6D, 0x65, 0x72, 0x29, 0x20, 0x72, 0x65, 0x74, 0x75,
    0x72, 0x6E, 0x3B, 0x0D, 0x0A, 0x20, 0x20, 0x6C, 0x6F, 0x67, 0x28, 0x27,
    0x41, 0x75, 0x74, 0x6F, 0x20, 0x61, 0x70, 0x70, 0x43, 0x6F, 0x6E, 0x66,
    0x69, 0x72, 0x6D, 0x20, 0x73, 0x74, 0x61, 0x72, 0x74, 0x65, 0x64, 0x27,
    0x29, 0x3B, 0x0D, 0x0A, 0x20, 0x20, 0x73, 0x74, 0x61, 0x74, 0x65, 0x2E,
    0x61, 0x70, 0x70, 0x43, 0x6F, 0x6E, 0x66, 0x69, 0x72, 0x6D, 0x54, 0x69,
    0x6D, 0x65, 0x72, 0x20, 0x3D, 0x20, 0x73, 0x65, 0x74, 0x49, 0x6E, 0x74,
    0x65, 0x72, 0x76, 0x61, 0x6C, 0x28, 0x61, 0x73, 0x79, 0x6E, 0x63, 0x20,
    0x28, 0x29, 0x20, 0x3D, 0x3E, 0x20, 0x7B, 0x0D, 0x0A, 0x20, 0x20, 0x20,
    0x20, 0x74, 0x72, 0x79, 0x20, 0x7B, 0x0D, 0x0A, 0x20, 0x20, 0x20, 0x20,
    0x20, 0x20, 0x61, 0x77, 0x61, 0x69, 0x74, 0x20, 0x70, 0x6F, 0x73, 0x74,
    0x41, 0x70, 0x70, 0x43, 0x6F, 0x6E, 0x66, 0x69, 0x72, 0x6D, 0x28, 0x29,
    0x3B, 0x0D, 0x0A, 0x20, 0x20, 0x20, 0x20, 0x20, 0x20, 0x63, 0x6F, 0x6E,
    0x73, 0x6F, 0x6C, 0x65, 0x2E, 0x6C, 0x6F, 0x67, 0x28, 0x27, 0x61, 0x70,
    0x70, 0x63, 0x6F, 0x6E, 0x66, 0x69, 0x72, 0x6D, 0x20, 0x73, 0x65, 0x6E,
    0x74, 0x27, 0x29, 0x3B, 0x0D, 0x0A, 0x20, 0x20, 0x20, 0x20, 0x7D, 0x20,
    0x63, 0x61, 0x74, 0x63, 0x68, 0x20, 0x28, 0x65, 0x72, 0x72, 0x29, 0x20,
    0x7B, 0x0D, 0x0A, 0x20, 0x20, 0x20, 0x20, 0x20, 0x20, 0x63, 0x6F, 0x6E,
    0x73, 0x6F, 0x6C, 0x65, 0x2E, 0x6C, 0x6F, 0x67, 0x28, 0x65, 0x72, 0x72,
    0x29, 0x3B, 0x0D, 0x0A, 0x20, 0x20, 0x20, 0x20, 0x7D, 0x0D, 0x0A, 0x20,
    0x20, 0x7D, 0x2C, 0x20, 0x31, 0x30, 0x30, 0x30, 0x29, 0x3B, 0x0D, 0x0A,
    0x7D, 0x0D, 0x0A, 0x66, 0x75, 0x6E, 0x63, 0x74, 0x69, 0x6F, 0x6E, 0x20,
    0x73, 0x74, 0x6F, 0x70, 0x41, 0x75, 0x74, 0x6F, 0x41, 0x70, 0x70, 0x43,
    0x6F, 0x6E, 0x66, 0x69, 0x72, 0x6D, 0x28, 0x29, 0x20, 0x7B, 0x0D, 0x0A,
    0x20, 0x20, 0x69, 0x66, 0x20, 0x28, 0x21, 0x73, 0x74, 0x61, 0x74, 0x65,
    0x2E, 0x61, 0x70, 0x70, 0x43, 0x6F, 0x6E, 0x66, 0x69, 0x72, 0x6D, 0x54,
    0x69, 0x6D, 0x65, 0x72, 0x29, 0x20, 0x72, 0x65, 0x74, 0x75, 0x72, 0x6E,
    0x3B, 0x0D, 0x0A, 0x20, 0x20, 0x63, 0x6C, 0x65, 0x61, 0x72, 0x49, 0x6E,
    0x74, 0x65, 0x72, 0x76, 0x61, 0x6C, 0x28, 0x73, 0x74, 0x61, 0x74, 0x65,
    0x2E, 0x61, 0x70, 0x70, 0x43, 0x6F, 0x6E, 0x66, 0x69, 0x72, 0x6D, 0x54,
    0x69, 0x6D, 0x65, 0x72, 0x29, 0x3B, 0x0D, 0x0A, 0x20, 0x20, 0x73, 0x74,
    0x61, 0x74, 0x65, 0x2E, 0x61, 0x70, 0x70, 0x43, 0x6F, 0x6E, 0x66, 0x69,
    0x72, 0x6D, 0x54, 0x69, 0x6D, 0x65, 0x72, 0x20, 0x3D, 0x20, 0x6E, 0x75,
    0x6C, 0x6C, 0x3B, 0x0D, 0x0A, 0x20, 0x20, 0x6C, 0x6F, 0x67, 0x28, 0x27,
    0x61, 0x70, 0x70, 0x63, 0x6F, 0x6E, 0x66, 0x69, 0x72, 0x6D, 0x65, 0x64,
    0x27, 0x29, 0x3B, 0x0D, 0x0A, 0x7D, 0x0D, 0x0A, 0x66, 0x75, 0x6E, 0x63,
    0x74, 0x69, 0x6F, 0x6E, 0x20, 0x73, 0x74, 0x61, 0x72, 0x74, 0x53, 0x74,
    0x61, 0x74, 0x75, 0x73, 0x50, 0x6F, 0x6C, 0x6C, 0x69, 0x6E, 0x67, 0x28,
    0x69, 0x6E, 0x74, 0x65, 0x72, 0x76, 0x61, 0x6C, 0x4D, 0x73, 0x20, 0x3D,
    0x20, 0x31, 0x30, 0x30, 0x30, 0x29, 0x20, 0x7B, 0x0D, 0x0A, 0x20, 0x20,
    0x73, 0x74, 0x6F, 0x70, 0x53, 0x74, 0x61, 0x74, 0x75, 0x73, 0x50, 0x6F,
    0x6C, 0x6C, 0x69, 0x6E, 0x67, 0x28, 0x29, 0x3B, 0x0D, 0x0A, 0x20, 0x20,
    0x73, 0x74, 0x61, 0x74, 0x65, 0x2E, 0x73, 0x74, 0x61, 0x74, 0x75, 0x73,
    0x50, 0x6F, 0x6C, 0x6C, 0x54, 0x69, 0x6D, 0x65, 0x72, 0x20, 0x3D, 0x20,
    0x73, 0x65, 0x74, 0x49, 0x6E, 0x74, 0x65, 0x72, 0x76, 0x61, 0x6C, 0x28,
    0x61, 0x73, 0x79, 0x6E, 0x63, 0x20, 0x28, 0x29, 0x20, 0x3D, 0x3E, 0x20,
    0x7B, 0x0D, 0x0A, 0x20, 0x20, 0x20, 0x20, 0x74, 0x72, 0x79, 0x20, 0x7B,
    0x0D, 0x0A, 0x20, 0x20, 0x20, 0x20, 0x20, 0x20, 0x61, 0x77, 0x61, 0x69,
    0x74, 0x20, 0x70, 0x6F, 0x6C, 0x6C, 0x4F, 0x6E, 0x63, 0x65, 0x28, 0x29,
    0x3B, 0x0D, 0x0A, 0x20, 0x20, 0x20, 0x20, 0x7D, 0x20, 0x63, 0x61, 0x74,
    0x63, 0x68, 0x20, 0x28, 0x65, 0x72, 0x72, 0x29, 0x20, 0x7B, 0x0D, 0x0A,
    0x20, 0x20, 0x20, 0x20, 0x20, 0x20, 0x63, 0x6F, 0x6E, 0x73, 0x6F, 0x6C,
    0x65, 0x2E, 0x6C, 0x6F, 0x67, 0x28, 0x27, 0x73, 0x74, 0x61, 0x74, 0x75,
    0x73, 0x20, 0x72, 0x65, 0x61, 0x64, 0x20, 0x66, 0x61, 0x69, 0x6C, 0x65,
    0x64, 0x27, 0x29, 0x3B, 0x0D, 0x0A, 0x20, 0x20, 0x20, 0x20, 0x7D, 0x0D,
    0x0A, 0x20, 0x20, 0x7D, 0x2C, 0x20, 0x69, 0x6E, 0x74, 0x65, 0x72, 0x76,
    0x61, 0x6C, 0x4D, 0x73, 0x29, 0x3B, 0x0D, 0x0A, 0x20, 0x20, 0x70, 0x6F,
    0x6C, 0x6C, 0x4F, 0x6E, 0x63, 0x65, 0x28, 0x29, 0x2E, 0x63, 0x61, 0x74,
    0x63, 0x68, 0x28, 0x28, 0x29, 0x20, 0x3D, 0x3E, 0x20, 0x7B, 0x0D, 0x0A,
    0x20, 0x20, 0x20, 0x20, 0x63, 0x6F, 0x6E, 0x73, 0x6F, 0x6C, 0x65, 0x2E,
    0x6C, 0x6F, 0x67, 0x28, 0x27, 0x73, 0x74, 0x61, 0x74, 0x75, 0x73, 0x20,
    0x72, 0x65, 0x61, 0x64, 0x20, 0x66, 0x61, 0x69, 0x6C, 0x65, 0x64, 0x27,
    0x29, 0x3B, 0x0D, 0x0A, 0x20, 0x20, 0x7D, 0x29, 0x3B, 0x0D, 0x0A, 0x7D,
    0x0D, 0x0A, 0x66, 0x75, 0x6E, 0x63, 0x74, 0x69, 0x6F, 0x6E, 0x20, 0x73,
    0x74, 0x6F, 0x70, 0x53, 0x74, 0x61, 0x74, 0x75, 0x73, 0x50, 0x6F, 0x6C,
    0x6C, 0x69, 0x6E, 0x67, 0x28, 0x29, 0x20, 0x7B, 0x0D, 0x0A, 0x20, 0x20,
    0x69, 0x66, 0x20, 0x28, 0x21, 0x73, 0x74, 0x61, 0x74, 0x65, 0x2E, 0x73,
    0x74, 0x61, 0x74, 0x75, 0x73, 0x50, 0x6F, 0x6C, 0x6C, 0x54, 0x69, 0x6D,
    0x65, 0x72, 0x29, 0x20, 0x72, 0x65, 0x74, 0x75, 0x72, 0x6E, 0x3B, 0x0D,
    0x0A, 0x20, 0x20, 0x63, 0x6C, 0x65, 0x61, 0x72, 0x49, 0x6E, 0x74, 0x65,
    0x72, 0x76, 0x61, 0x6C, 0x28, 0x73, 0x74, 0x61, 0x74, 0x65, 0x2E, 0x73,
    0x74, 0x61, 0x74, 0x75, 0x73, 0x50, 0x6F, 0x6C, 0x6C, 0x54, 0x69, 0x6D,
    0x65, 0x72, 0x29, 0x3B, 0x0D, 0x0A, 0x20, 0x20, 0x73, 0x74, 0x61, 0x74,
    0x65, 0x2E, 0x73, 0x74, 0x61, 0x74, 0x75, 0x73, 0x50, 0x6F, 0x6C, 0x6C,
    0x54, 0x69, 0x6D, 0x65, 0x72, 0x20, 0x3D, 0x20, 0x6E, 0x75, 0x6C, 0x6C,
    0x3B, 0x0D, 0x0A, 0x7D, 0x0D, 0x0A, 0x0D, 0x0A, 0x0D, 0x0A, 0x2F, 0x2F,
    0x20, 0x3D, 0x3D, 0x3D, 0x3D, 0x3D, 0x20, 0x6E, 0x65, 0x74, 0x77, 0x6F,
    0x72, 0x6B, 0x2E, 0x6A, 0x73, 0x20, 0x3D, 0x3D, 0x3D, 0x3D, 0x3D, 0x0D,
    0x0A, 0x61, 0x73, 0x79, 0x6E, 0x63, 0x20, 0x66, 0x75, 0x6E, 0x63, 0x74,
    0x69, 0x6F, 0x6E, 0x20, 0x6C, 0x6F, 0x61, 0x64, 0x4E, 0x65, 0x74, 0x77,
    0x6F, 0x72, 0x6B, 0x28, 0x29, 0x20, 0x7B, 0x0D, 0x0A, 0x20, 0x20, 0x63,
    0x6F, 0x6E, 0x73, 0x74, 0x20, 0x74, 0x78, 0x74, 0x20, 0x3D, 0x20, 0x61,
    0x77, 0x61, 0x69, 0x74, 0x20, 0x67, 0x65, 0x74, 0x4E, 0x65, 0x74, 0x77,
    0x6F, 0x72, 0x6B, 0x49, 0x6E, 0x66, 0x6F, 0x28, 0x29, 0x3B, 0x0D, 0x0A,
    0x20, 0x20, 0x63, 0x6F, 0x6E, 0x73, 0x74, 0x20, 0x64, 0x61, 0x74, 0x61,
    0x20, 0x3D, 0x20, 0x70, 0x61, 0x72, 0x73, 0x65, 0x4B, 0x65, 0x79, 0x56,
    0x61, 0x6C, 0x75, 0x65, 0x28, 0x74, 0x78, 0x74, 0x29, 0x3B, 0x0D, 0x0A,
    0x20, 0x20, 0x73, 0x65, 0x74, 0x49, 0x70, 0x56, 0x61, 0x6C, 0x75, 0x65,
    0x28, 0x65, 0x6C, 0x2E, 0x69, 0x70, 0x2C, 0x20, 0x64, 0x61, 0x74, 0x61,
    0x2E, 0x69, 0x70, 0x20, 0x7C, 0x7C, 0x20, 0x27, 0x27, 0x29, 0x3B, 0x0D,
    0x0A, 0x20, 0x20, 0x73, 0x65, 0x74, 0x49, 0x70, 0x56, 0x61, 0x6C, 0x75,
    0x65, 0x28, 0x65, 0x6C, 0x2E, 0x73, 0x75, 0x62, 0x6E, 0x65, 0x74, 0x2C,
    0x20, 0x64, 0x61, 0x74, 0x61, 0x2E, 0x73, 0x75, 0x62, 0x6E, 0x65, 0x74,
    0x20, 0x7C, 0x7C, 0x20, 0x27, 0x27, 0x29, 0x3B, 0x0D, 0x0A, 0x20, 0x20,
    0x73, 0x65, 0x74, 0x49, 0x70, 0x56, 0x61, 0x6C, 0x75, 0x65, 0x28, 0x65,
    0x6C, 0x2E, 0x67, 0x61, 0x74, 0x65, 0x77, 0x61, 0x79, 0x2C, 0x20, 0x64,
    0x61, 0x74, 0x61, 0x2E, 0x67, 0x61, 0x74, 0x65, 0x77, 0x61, 0x79, 0x20,
    0x7C, 0x7C, 0x20, 0x27, 0x27, 0x29, 0x3B, 0x0D, 0x0A, 0x20, 0x20, 0x6C,
    0x6F, 0x67, 0x28, 0x27, 0x4E, 0x65, 0x74, 0x77, 0x6F, 0x72, 0x6B, 0x20,
    0x69, 0x6E, 0x66, 0x6F, 0x20, 0x6C, 0x6F, 0x61, 0x64, 0x65, 0x64, 0x27,
    0x29, 0x3B, 0x0D, 0x0A, 0x7D, 0x0D, 0x0A, 0x61, 0x73, 0x79, 0x6E, 0x63,
    0x20, 0x66, 0x75, 0x6E, 0x63, 0x74, 0x69, 0x6F, 0x6E, 0x20, 0x6C, 0x6F,
    0x61, 0x64, 0x4E, 0x65, 0x74, 0x77, 0x6F, 0x72, 0x6B, 0x55, 0x6E, 0x74,
    0x69, 0x6C, 0x53, 0x75, 0x63, 0x63, 0x65, 0x73, 0x73, 0x28, 0x69, 0x6E,
    0x74, 0x65, 0x72, 0x76, 0x61, 0x6C, 0x4D, 0x73, 0x20, 0x3D, 0x20, 0x31,
    0x30, 0x30, 0x30, 0x29, 0x20, 0x7B, 0x0D, 0x0A, 0x20, 0x20, 0x77, 0x68,
    0x69, 0x6C, 0x65, 0x20, 0x28, 0x74, 0x72, 0x75, 0x65, 0x29, 0x20, 0x7B,
    0x0D, 0x0A, 0x20, 0x20, 0x20, 0x20, 0x74, 0x72, 0x79, 0x20, 0x7B, 0x0D,
    0x0A, 0x20, 0x20, 0x20, 0x20, 0x20, 0x20, 0x61, 0x77, 0x61, 0x69, 0x74,
    0x20, 0x6C, 0x6F, 0x61, 0x64, 0x4E, 0x65, 0x74, 0x77, 0x6F, 0x72, 0x6B,
    0x28, 0x29, 0x3B, 0x0D, 0x0A, 0x20, 0x20, 0x20, 0x20, 0x20, 0x20, 0x6C,
    0x6F, 0x67, 0x28, 0x27, 0x49, 0x6E, 0x69, 0x74, 0x69, 0x61, 0x6C, 0x20,
    0x6E, 0x65, 0x74, 0x77, 0x6F, 0x72, 0x6B, 0x20, 0x6C, 0x6F, 0x61, 0x64,
    0x20, 0x73, 0x75, 0x63, 0x63, 0x65, 0x73, 0x73, 0x27, 0x29, 0x3B, 0x0D,
    0x0A, 0x20, 0x20, 0x20, 0x20, 0x20, 0x20, 0x72, 0x65, 0x74, 0x75, 0x72,
    0x6E, 0x20, 0x74, 0x72, 0x75, 0x65, 0x3B, 0x0D, 0x0A, 0x20, 0x20, 0x20,
    0x20, 0x7D, 0x20, 0x63, 0x61, 0x74, 0x63, 0x68, 0x20, 0x28, 0x65, 0x72,
    0x72, 0x29, 0x20, 0x7B, 0x0D, 0x0A, 0x20, 0x20, 0x20, 0x20, 0x20, 0x20,
    0x61, 0x77, 0x61, 0x69, 0x74, 0x20, 0x64, 0x65, 0x6C, 0x61, 0x79, 0x28,
    0x69, 0x6E, 0x74, 0x65, 0x72, 0x76, 0x61, 0x6C, 0x4D, 0x73, 0x29, 0x3B,
    0x0D, 0x0A, 0x20, 0x20, 0x20, 0x20, 0x7D, 0x0D, 0x0A, 0x20, 0x20, 0x7D,
    0x0D, 0x0A, 0x7D, 0x0D, 0x0A, 0x0D, 0x0A, 0x61, 0x73, 0x79, 0x6E, 0x63,
    0x20, 0x66, 0x75, 0x6E, 0x63, 0x74, 0x69, 0x6F, 0x6E, 0x20, 0x73, 0x61,
    0x76, 0x65, 0x4E, 0x65, 0x74, 0x77, 0x6F, 0x72, 0x6B, 0x28, 0x29, 0x20,
    0x7B, 0x0D, 0x0A, 0x20, 0x20, 0x63, 0x6F, 0x6E, 0x73, 0x74, 0x20, 0x69,
    0x70, 0x20, 0x3D, 0x20, 0x67, 0x65, 0x74, 0x49, 0x70, 0x56, 0x61, 0x6C,
    0x75, 0x65, 0x28, 0x65, 0x6C, 0x2E, 0x69, 0x70, 0x2C, 0x20, 0x27, 0x49,
    0x50, 0x27, 0x29, 0x3B, 0x0D, 0x0A, 0x20, 0x20, 0x63, 0x6F, 0x6E, 0x73,
    0x74, 0x20, 0x73, 0x75, 0x62, 0x6E, 0x65, 0x74, 0x20, 0x3D, 0x20, 0x67,
    0x65, 0x74, 0x49, 0x70, 0x56, 0x61, 0x6C, 0x75, 0x65, 0x28, 0x65, 0x6C,
    0x2E, 0x73, 0x75, 0x62, 0x6E, 0x65, 0x74, 0x2C, 0x20, 0x27, 0x53, 0x75,
    0x62, 0x6E, 0x65, 0x74, 0x27, 0x29, 0x3B, 0x0D, 0x0A, 0x20, 0x20, 0x63,
    0x6F, 0x6E, 0x73, 0x74, 0x20, 0x67, 0x61, 0x74, 0x65, 0x77, 0x61, 0x79,
    0x20, 0x3D, 0x20, 0x67, 0x65, 0x74, 0x49, 0x70, 0x56, 0x61, 0x6C, 0x75,
    0x65, 0x28, 0x65, 0x6C, 0x2E, 0x67, 0x61, 0x74, 0x65, 0x77, 0x61, 0x79,
    0x2C, 0x20, 0x27, 0x47, 0x61, 0x74, 0x65, 0x77, 0x61, 0x79, 0x27, 0x29,
    0x3B, 0x0D, 0x0A, 0x20, 0x20, 0x61, 0x77, 0x61, 0x69, 0x74, 0x20, 0x70,
    0x6F, 0x73, 0x74, 0x53, 0x65, 0x74, 0x4E, 0x65, 0x74, 0x77, 0x6F, 0x72,
    0x6B, 0x28, 0x69, 0x70, 0x2C, 0x20, 0x73, 0x75, 0x62, 0x6E, 0x65, 0x74,
    0x2C, 0x20, 0x67, 0x61, 0x74, 0x65, 0x77, 0x61, 0x79, 0x29, 0x3B, 0x0D,
    0x0A, 0x20, 0x20, 0x6C, 0x6F, 0x67, 0x28, 0x27, 0x4E, 0x65, 0x74, 0x77,
    0x6F, 0x72, 0x6B, 0x20, 0x73, 0x65, 0x74, 0x74, 0x69, 0x6E, 0x67, 0x73,
    0x20, 0x73, 0x61, 0x76, 0x65, 0x64, 0x27, 0x29, 0x3B, 0x0D, 0x0A, 0x7D,
    0x0D, 0x0A, 0x66, 0x75, 0x6E, 0x63, 0x74, 0x69, 0x6F, 0x6E, 0x20, 0x69,
    0x6E, 0x69, 0x74, 0x4E, 0x65, 0x74, 0x77, 0x6F, 0x72, 0x6B, 0x28, 0x29,
    0x20, 0x7B, 0x0D, 0x0A, 0x20, 0x20, 0x69, 0x66, 0x20, 0x28, 0x65, 0x6C,
    0x2E, 0x62, 0x74, 0x6E, 0x47, 0x65, 0x74, 0x4E, 0x65, 0x74, 0x77, 0x6F,
    0x72, 0x6B, 0x29, 0x20, 0x7B, 0x0D, 0x0A, 0x20, 0x20, 0x20, 0x20, 0x65,
    0x6C, 0x2E, 0x62, 0x74, 0x6E, 0x47, 0x65, 0x74, 0x4E, 0x65, 0x74, 0x77,
    0x6F, 0x72, 0x6B, 0x2E, 0x61, 0x64, 0x64, 0x45, 0x76, 0x65, 0x6E, 0x74,
    0x4C, 0x69, 0x73, 0x74, 0x65, 0x6E, 0x65, 0x72, 0x28, 0x27, 0x63, 0x6C,
    0x69, 0x63, 0x6B, 0x27, 0x2C, 0x20, 0x61, 0x73, 0x79, 0x6E, 0x63, 0x20,
    0x28, 0x29, 0x20, 0x3D, 0x3E, 0x20, 0x7B, 0x0D, 0x0A, 0x20, 0x20, 0x20,
    0x20, 0x20, 0x20, 0x74, 0x72, 0x79, 0x20, 0x7B, 0x0D, 0x0A, 0x20, 0x20,
    0x20, 0x20, 0x20, 0x20, 0x20, 0x20, 0x61, 0x77, 0x61, 0x69, 0x74, 0x20,
    0x6C, 0x6F, 0x61, 0x64, 0x4E, 0x65, 0x74, 0x77, 0x6F, 0x72, 0x6B, 0x28,
    0x29, 0x3B, 0x0D, 0x0A, 0x20, 0x20, 0x20, 0x20, 0x20, 0x20, 0x7D, 0x20,
    0x63, 0x61, 0x74, 0x63, 0x68, 0x20, 0x28, 0x65, 0x72, 0x72, 0x29, 0x20,
    0x7B, 0x0D, 0x0A, 0x20, 0x20, 0x20, 0x20, 0x20, 0x20, 0x20, 0x20, 0x61,
    0x6C, 0x65, 0x72, 0x74, 0x28, 0x65, 0x72, 0x72, 0x2E, 0x74, 0x6F, 0x53,
    0x74, 0x72, 0x69, 0x6E, 0x67, 0x28, 0x29, 0x29, 0x3B, 0x0D, 0x0A, 0x20,
    0x20, 0x20, 0x20, 0x20, 0x20, 0x7D, 0x0D, 0x0A, 0x20, 0x20, 0x20, 0x20,
    0x7D, 0x29, 0x3B, 0x0D, 0x0A, 0x20, 0x20, 0x7D, 0x0D, 0x0A, 0x20, 0x20,
    0x69, 0x66, 0x20, 0x28, 0x65, 0x6C, 0x2E, 0x62, 0x74, 0x6E, 0x53, 0x65,
    0x74, 0x4E, 0x65, 0x74, 0x77, 0x6F, 0x72, 0x6B, 0x29, 0x20, 0x7B, 0x0D,
    0x0A, 0x20, 0x20, 0x20, 0x20, 0x65, 0x6C, 0x2E, 0x62, 0x74, 0x6E, 0x53,
    0x65, 0x74, 0x4E, 0x65, 0x74, 0x77, 0x6F, 0x72, 0x6B, 0x2E, 0x61, 0x64,
    0x64, 0x45, 0x76, 0x65, 0x6E, 0x74, 0x4C, 0x69, 0x73, 0x74, 0x65, 0x6E,
    0x65, 0x72, 0x28, 0x27, 0x63, 0x6C, 0x69, 0x63, 0x6B, 0x27, 0x2C, 0x20,
    0x61, 0x73, 0x79, 0x6E, 0x63, 0x20, 0x28, 0x29, 0x20, 0x3D, 0x3E, 0x20,
    0x7B, 0x0D, 0x0A, 0x20, 0x20, 0x20, 0x20, 0x20, 0x20, 0x74, 0x72, 0x79,
    0x20, 0x7B, 0x0D, 0x0A, 0x20, 0x20, 0x20, 0x20, 0x20, 0x20, 0x20, 0x20,
    0x61, 0x77, 0x61, 0x69, 0x74, 0x20, 0x73, 0x61, 0x76, 0x65, 0x4E, 0x65,
    0x74, 0x77, 0x6F, 0x72, 0x6B, 0x28, 0x29, 0x3B, 0x0D, 0x0A, 0x20, 0x20,
    0x20, 0x20, 0x20, 0x20, 0x7D, 0x20, 0x63, 0x61, 0x74, 0x63, 0x68, 0x20,
    0x28, 0x65, 0x72, 0x72, 0x29, 0x20, 0x7B, 0x0D, 0x0A, 0x20, 0x20, 0x20,
    0x20, 0x20, 0x20, 0x20, 0x20, 0x61, 0x6C, 0x65, 0x72, 0x74, 0x28, 0x65,
    0x72, 0x72, 0x2E, 0x74, 0x6F, 0x53, 0x74, 0x72, 0x69, 0x6E, 0x67, 0x28,
    0x29, 0x29, 0x3B, 0x0D, 0x0A, 0x20, 0x20, 0x20, 0x20, 0x20, 0x20, 0x7D,
    0x0D, 0x0A, 0x20, 0x20, 0x20, 0x20, 0x7D, 0x29, 0x3B, 0x0D, 0x0A, 0x20,
    0x20, 0x7D, 0x0D, 0x0A, 0x7D, 0x0D, 0x0A, 0x0D, 0x0A, 0x0D, 0x0A, 0x2F,
    0x2F, 0x20, 0x3D, 0x3D, 0x3D, 0x3D, 0x3D, 0x20, 0x62, 0x6F, 0x6F, 0x74,
    0x2E, 0x6A, 0x73, 0x20, 0x3D, 0x3D, 0x3D, 0x3D, 0x3D, 0x0D, 0x0A, 0x66,
    0x75, 0x6E, 0x63, 0x74, 0x69, 0x6F, 0x6E, 0x20, 0x73, 0x74, 0x61, 0x72,
    0x74, 0x52, 0x65, 0x6C, 0x6F, 0x61, 0x64, 0x4C, 0x6F, 0x6F, 0x70, 0x28,
    0x69, 0x6E, 0x74, 0x65, 0x72, 0x76, 0x61, 0x6C, 0x4D, 0x73, 0x20, 0x3D,
    0x20, 0x31, 0x30, 0x30, 0x30, 0x29, 0x20, 0x7B, 0x0D, 0x0A, 0x20, 0x20,
    0x69, 0x66, 0x20, 0x28, 0x73, 0x74, 0x61, 0x74, 0x65, 0x2E, 0x77, 0x61,
    0x69, 0x74, 0x52, 0x65, 0x6C, 0x6F, 0x61, 0x64, 0x54, 0x69, 0x6D, 0x65,
    0x72, 0x29, 0x20, 0x7B, 0x0D, 0x0A, 0x20, 0x20, 0x20, 0x20, 0x63, 0x6C,
    0x65, 0x61, 0x72, 0x49, 0x6E, 0x74, 0x65, 0x72, 0x76, 0x61, 0x6C, 0x28,
    0x73, 0x74, 0x61, 0x74, 0x65, 0x2E, 0x77, 0x61, 0x69, 0x74, 0x52, 0x65,
    0x6C, 0x6F, 0x61, 0x64, 0x54, 0x69, 0x6D, 0x65, 0x72, 0x29, 0x3B, 0x0D,
    0x0A, 0x20, 0x20, 0x7D, 0x0D, 0x0A, 0x20, 0x20, 0x73, 0x74, 0x61, 0x74,
    0x65, 0x2E, 0x77, 0x61, 0x69, 0x74, 0x52, 0x65, 0x6C, 0x6F, 0x61, 0x64,
    0x54, 0x69, 0x6D, 0x65, 0x72, 0x20, 0x3D, 0x20, 0x73, 0x65, 0x74, 0x49,
    0x6E, 0x74, 0x65, 0x72, 0x76, 0x61, 0x6C, 0x28, 0x28, 0x29, 0x20, 0x3D,
    0x3E, 0x20, 0x7B, 0x0D, 0x0A, 0x20, 0x20, 0x20, 0x20, 0x6C, 0x6F, 0x63,
    0x61, 0x74, 0x69, 0x6F, 0x6E, 0x2E, 0x72, 0x65, 0x6C, 0x6F, 0x61, 0x64,
    0x28, 0x29, 0x3B, 0x0D, 0x0A, 0x20, 0x20, 0x7D, 0x2C, 0x20, 0x69, 0x6E,
    0x74, 0x65, 0x72, 0x76, 0x61, 0x6C, 0x4D, 0x73, 0x29, 0x3B, 0x0D, 0x0A,
    0x7D, 0x0D, 0x0A, 0x66, 0x75, 0x6E, 0x63, 0x74, 0x69, 0x6F, 0x6E, 0x20,
    0x73, 0x74, 0x6F, 0x70, 0x52, 0x65, 0x6C, 0x6F, 0x61, 0x64, 0x4C, 0x6F,
    0x6F, 0x70, 0x28, 0x29, 0x20, 0x7B, 0x0D, 0x0A, 0x20, 0x20, 0x69, 0x66,
    0x20, 0x28, 0x21, 0x73, 0x74, 0x61, 0x74, 0x65, 0x2E, 0x77, 0x61, 0x69,
    0x74, 0x52, 0x65, 0x6C, 0x6F, 0x61, 0x64, 0x54, 0x69, 0x6D, 0x65, 0x72,
    0x29, 0x20, 0x72, 0x65, 0x74, 0x75, 0x72, 0x6E, 0x3B, 0x0D, 0x0A, 0x20,
    0x20, 0x63, 0x6C, 0x65, 0x61, 0x72, 0x49, 0x6E, 0x74, 0x65, 0x72, 0x76,
    0x61, 0x6C, 0x28, 0x73, 0x74, 0x61, 0x74, 0x65, 0x2E, 0x77, 0x61, 0x69,
    0x74, 0x52, 0x65, 0x6C, 0x6F, 0x61, 0x64, 0x54, 0x69, 0x6D, 0x65, 0x72,
    0x29, 0x3B, 0x0D, 0x0A, 0x20, 0x20, 0x73, 0x74, 0x61, 0x74, 0x65, 0x2E,
    0x77, 0x61, 0x69, 0x74, 0x52, 0x65, 0x6C, 0x6F, 0x61, 0x64, 0x54, 0x69,
    0x6D, 0x65, 0x72, 0x20, 0x3D, 0x20, 0x6E, 0x75, 0x6C, 0x6C, 0x3B, 0x0D,
    0x0A, 0x7D, 0x0D, 0x0A, 0x66, 0x75, 0x6E, 0x63, 0x74, 0x69, 0x6F, 0x6E,
    0x20, 0x69, 0x6E, 0x69, 0x74, 0x42, 0x6F, 0x6F, 0x74, 0x41, 0x63, 0x74,
    0x69, 0x6F, 0x6E, 0x73, 0x28, 0x29, 0x20, 0x7B, 0x0D, 0x0A, 0x20, 0x20,
    0x69, 0x66, 0x20, 0x28, 0x21, 0x65, 0x6C, 0x2E, 0x62, 0x74, 0x6E, 0x47,
    0x6F, 0x74, 0x6F, 0x42, 0x6F, 0x6F, 0x74, 0x29, 0x20, 0x72, 0x65, 0x74,
    0x75, 0x72, 0x6E, 0x3B, 0x0D, 0x0A, 0x20, 0x20, 0x65, 0x6C, 0x2E, 0x62,
    0x74, 0x6E, 0x47, 0x6F, 0x74, 0x6F, 0x42, 0x6F, 0x6F, 0x74, 0x2E, 0x61,
    0x64, 0x64, 0x45, 0x76, 0x65, 0x6E, 0x74, 0x4C, 0x69, 0x73, 0x74, 0x65,
    0x6E, 0x65, 0x72, 0x28, 0x27, 0x63, 0x6C, 0x69, 0x63, 0x6B, 0x27, 0x2C,
    0x20, 0x61, 0x73, 0x79, 0x6E, 0x63, 0x20, 0x28, 0x29, 0x20, 0x3D, 0x3E,
    0x20, 0x7B, 0x0D, 0x0A, 0x20, 0x20, 0x20, 0x20, 0x74, 0x72, 0x79, 0x20,
    0x7B, 0x0D, 0x0A, 0x20, 0x20, 0x20, 0x20, 0x20, 0x20, 0x61, 0x77, 0x61,
    0x69, 0x74, 0x20, 0x70, 0x6F, 0x73, 0x74, 0x47, 0x6F, 0x74, 0x6F, 0x42,
    0x6F, 0x6F, 0x74, 0x28, 0x29, 0x3B, 0x0D, 0x0A, 0x20, 0x20, 0x20, 0x20,
    0x20, 0x20, 0x6C, 0x6F, 0x67, 0x28, 0x27, 0x67, 0x6F, 0x74, 0x6F, 0x42,
    0x6F, 0x6F, 0x74, 0x20, 0x4F, 0x4B, 0x2E, 0x20, 0x57, 0x61, 0x69, 0x74,
    0x69, 0x6E, 0x67, 0x20, 0x66, 0x6F, 0x72, 0x20, 0x42, 0x6F, 0x6F, 0x74,
    0x20, 0x73, 0x65, 0x72, 0x76, 0x65, 0x72, 0x2E, 0x2E, 0x2E, 0x27, 0x29,
    0x3B, 0x0D, 0x0A, 0x20, 0x20, 0x20, 0x20, 0x20, 0x20, 0x73, 0x74, 0x61,
    0x72, 0x74, 0x52, 0x65, 0x6C, 0x6F, 0x61, 0x64, 0x4C, 0x6F, 0x6F, 0x70,
    0x28, 0x31, 0x30, 0x30, 0x30, 0x29, 0x3B, 0x0D, 0x0A, 0x20, 0x20, 0x20,
    0x20, 0x7D, 0x20, 0x63, 0x61, 0x74, 0x63, 0x68, 0x20, 0x28, 0x65, 0x72,
    0x72, 0x29, 0x20, 0x7B, 0x0D, 0x0A, 0x20, 0x20, 0x20, 0x20, 0x20, 0x20,
    0x61, 0x6C, 0x65, 0x72, 0x74, 0x28, 0x65, 0x72, 0x72, 0x2E, 0x74, 0x6F,
    0x53, 0x74, 0x72, 0x69, 0x6E, 0x67, 0x28, 0x29, 0x29, 0x3B, 0x0D, 0x0A,
    0x20, 0x20, 0x20, 0x20, 0x7D, 0x0D, 0x0A, 0x20, 0x20, 0x7D, 0x29, 0x3B,
    0x0D, 0x0A, 0x7D, 0x0D, 0x0A, 0x7B, 0x20, 0x73, 0x74, 0x61, 0x72, 0x74,
    0x52, 0x65, 0x6C, 0x6F, 0x61, 0x64, 0x4C, 0x6F, 0x6F, 0x70, 0x20, 0x7D,
    0x3B, 0x0D, 0x0A, 0x0D, 0x0A, 0x0D, 0x0A, 0x2F, 0x2F, 0x20, 0x3D, 0x3D,
    0x3D, 0x3D, 0x3D, 0x20, 0x73, 0x79, 0x73, 0x74, 0x65, 0x6D, 0x2E, 0x6A,
    0x73, 0x20, 0x3D, 0x3D, 0x3D, 0x3D, 0x3D, 0x0D, 0x0A, 0x66, 0x75, 0x6E,
    0x63, 0x74, 0x69, 0x6F, 0x6E, 0x20, 0x69, 0x6E, 0x69, 0x74, 0x53, 0x79,
    0x73, 0x74, 0x65, 0x6D, 0x41, 0x63, 0x74, 0x69, 0x6F, 0x6E, 0x73, 0x28,
    0x29, 0x20, 0x7B, 0x0D, 0x0A, 0x20, 0x20, 0x69, 0x66, 0x20, 0x28, 0x65,
    0x6C, 0x2E, 0x62, 0x74, 0x6E, 0x46, 0x61, 0x63, 0x74, 0x6F, 0x72, 0x79,
    0x53, 0x65, 0x74, 0x29, 0x20, 0x7B, 0x0D, 0x0A, 0x20, 0x20, 0x20, 0x20,
    0x65, 0x6C, 0x2E, 0x62, 0x74, 0x6E, 0x46, 0x61, 0x63, 0x74, 0x6F, 0x72,
    0x79, 0x53, 0x65, 0x74, 0x2E, 0x61, 0x64, 0x64, 0x45, 0x76, 0x65, 0x6E,
    0x74, 0x4C, 0x69, 0x73, 0x74, 0x65, 0x6E, 0x65, 0x72, 0x28, 0x27, 0x63,
    0x6C, 0x69, 0x63, 0x6B, 0x27, 0x2C, 0x20, 0x61, 0x73, 0x79, 0x6E, 0x63,
    0x20, 0x28, 0x29, 0x20, 0x3D, 0x3E, 0x20, 0x7B, 0x0D, 0x0A, 0x20, 0x20,
    0x20, 0x20, 0x20, 0x20, 0x63, 0x6F, 0x6E, 0x73, 0x74, 0x20, 0x6F, 0x6B,
    0x20, 0x3D, 0x20, 0x63, 0x6F, 0x6E, 0x66, 0x69, 0x72, 0x6D, 0x28, 0x22,
    0x41, 0x72, 0x65, 0x20, 0x79, 0x6F, 0x75, 0x20, 0x73, 0x75, 0x72, 0x65,
    0x20, 0x79, 0x6F, 0x75, 0x20, 0x77, 0x61, 0x6E, 0x74, 0x20, 0x74, 0x6F,
    0x20, 0x66, 0x61, 0x63, 0x74, 0x6F, 0x72, 0x79, 0x20, 0x72, 0x65, 0x73,
    0x65, 0x74, 0x3F, 0x22, 0x29, 0x3B, 0x0D, 0x0A, 0x20, 0x20, 0x20, 0x20,
    0x20, 0x20, 0x69, 0x66, 0x20, 0x28, 0x21, 0x6F, 0x6B, 0x29, 0x20, 0x72,
    0x65, 0x74, 0x75, 0x72, 0x6E, 0x3B, 0x0D, 0x0A, 0x0D, 0x0A, 0x20, 0x20,
    0x20, 0x20, 0x20, 0x20, 0x74, 0x72, 0x79, 0x20, 0x7B, 0x0D, 0x0A, 0x20,
    0x20, 0x20, 0x20, 0x20, 0x20, 0x20, 0x20, 0x61, 0x77, 0x61, 0x69, 0x74,
    0x20, 0x70, 0x6F, 0x73, 0x74, 0x46, 0x61, 0x63, 0x74, 0x6F, 0x72, 0x79,
    0x53, 0x65, 0x74, 0x28, 0x29, 0x3B, 0x0D, 0x0A, 0x20, 0x20, 0x20, 0x20,
    0x20, 0x20, 0x20, 0x20, 0x6C, 0x6F, 0x67, 0x28, 0x27, 0x46, 0x61, 0x63,
    0x74, 0x6F, 0x72, 0x79, 0x53, 0x65, 0x74, 0x20, 0x4F, 0x4B, 0x27, 0x29,
    0x3B, 0x0D, 0x0A, 0x20, 0x20, 0x20, 0x20, 0x20, 0x20, 0x7D, 0x20, 0x63,
    0x61, 0x74, 0x63, 0x68, 0x20, 0x28, 0x65, 0x72, 0x72, 0x29, 0x20, 0x7B,
    0x0D, 0x0A, 0x20, 0x20, 0x20, 0x20, 0x20, 0x20, 0x20, 0x20, 0x61, 0x6C,
    0x65, 0x72, 0x74, 0x28, 0x65, 0x72, 0x72, 0x2E, 0x74, 0x6F, 0x53, 0x74,
    0x72, 0x69, 0x6E, 0x67, 0x28, 0x29, 0x29, 0x3B, 0x0D, 0x0A, 0x20, 0x20,
    0x20, 0x20, 0x20, 0x20, 0x7D, 0x0D, 0x0A, 0x20, 0x20, 0x20, 0x20, 0x7D,
    0x29, 0x3B, 0x0D, 0x0A, 0x20, 0x20, 0x7D, 0x0D, 0x0A, 0x0D, 0x0A, 0x20,
    0x20, 0x69, 0x66, 0x20, 0x28, 0x65, 0x6C, 0x2E, 0x62, 0x74, 0x6E, 0x53,
    0x79, 0x73, 0x74, 0x65, 0x6D, 0x52, 0x65, 0x73, 0x65, 0x74, 0x29, 0x20,
    0x7B, 0x0D, 0x0A, 0x20, 0x20, 0x20, 0x20, 0x65, 0x6C, 0x2E, 0x62, 0x74,
    0x6E, 0x53, 0x79, 0x73, 0x74, 0x65, 0x6D, 0x52, 0x65, 0x73, 0x65, 0x74,
    0x2E, 0x61, 0x64, 0x64, 0x45, 0x76, 0x65, 0x6E, 0x74, 0x4C, 0x69, 0x73,
    0x74, 0x65, 0x6E, 0x65, 0x72, 0x28, 0x27, 0x63, 0x6C, 0x69, 0x63, 0x6B,
    0x27, 0x2C, 0x20, 0x61, 0x73, 0x79, 0x6E, 0x63, 0x20, 0x28, 0x29, 0x20,
    0x3D, 0x3E, 0x20, 0x7B, 0x0D, 0x0A, 0x20, 0x20, 0x20, 0x20, 0x20, 0x20,
    0x63, 0x6F, 0x6E, 0x73, 0x74, 0x20, 0x6F, 0x6B, 0x20, 0x3D, 0x20, 0x63,
    0x6F, 0x6E, 0x66, 0x69, 0x72, 0x6D, 0x28, 0x22, 0x41, 0x72, 0x65, 0x20,
    0x79, 0x6F, 0x75, 0x20, 0x73, 0x75, 0x72, 0x65, 0x20, 0x79, 0x6F, 0x75,
    0x20, 0x77, 0x61, 0x6E, 0x74, 0x20, 0x74, 0x6F, 0x20, 0x73, 0x79, 0x73,
    0x74, 0x65, 0x6D, 0x20, 0x72, 0x65, 0x73, 0x65, 0x74, 0x3F, 0x22, 0x29,
    0x3B, 0x0D, 0x0A, 0x20, 0x20, 0x20, 0x20, 0x20, 0x20, 0x69, 0x66, 0x20,
    0x28, 0x21, 0x6F, 0x6B, 0x29, 0x20, 0x72, 0x65, 0x74, 0x75, 0x72, 0x6E,
    0x3B, 0x0D, 0x0A, 0x0D, 0x0A, 0x20, 0x20, 0x20, 0x20, 0x20, 0x20, 0x74,
    0x72, 0x79, 0x20, 0x7B, 0x0D, 0x0A, 0x20, 0x20, 0x20, 0x20, 0x20, 0x20,
    0x20, 0x20, 0x61, 0x77, 0x61, 0x69, 0x74, 0x20, 0x70, 0x6F, 0x73, 0x74,
    0x53, 0x79, 0x73, 0x74, 0x65, 0x6D, 0x52, 0x65, 0x73, 0x65, 0x74, 0x28,
    0x29, 0x3B, 0x0D, 0x0A, 0x20, 0x20, 0x20, 0x20, 0x20, 0x20, 0x20, 0x20,
    0x6C, 0x6F, 0x67, 0x28, 0x27, 0x53, 0x79, 0x73, 0x74, 0x65, 0x6D, 0x52,
    0x65, 0x73, 0x65, 0x74, 0x20, 0x4F, 0x4B, 0x27, 0x29, 0x3B, 0x0D, 0x0A,
    0x20, 0x20, 0x20, 0x20, 0x20, 0x20, 0x20, 0x20, 0x73, 0x65, 0x73, 0x73,
    0x69, 0x6F, 0x6E, 0x53, 0x74, 0x6F, 0x72, 0x61, 0x67, 0x65, 0x2E, 0x73,
    0x65, 0x74, 0x49, 0x74, 0x65, 0x6D, 0x28, 0x73, 0x74, 0x61, 0x74, 0x65,
    0x2E, 0x73, 0x65, 0x73, 0x73, 0x69, 0x6F, 0x6E, 0x4B, 0x65, 0x79, 0x73,
    0x2E, 0x77, 0x61, 0x69, 0x74, 0x54, 0x69, 0x6D, 0x65, 0x53, 0x79, 0x6E,
    0x63, 0x2C, 0x20, 0x27, 0x31, 0x27, 0x29, 0x3B, 0x0D, 0x0A, 0x20, 0x20,
    0x20, 0x20, 0x20, 0x20, 0x20, 0x20, 0x73, 0x65, 0x74, 0x54, 0x69, 0x6D,
    0x65, 0x6F, 0x75, 0x74, 0x28, 0x28, 0x29, 0x20, 0x3D, 0x3E, 0x20, 0x7B,
    0x0D, 0x0A, 0x20, 0x20, 0x20, 0x20, 0x20, 0x20, 0x20, 0x20, 0x20, 0x20,
    0x73, 0x74, 0x61, 0x72, 0x74, 0x52, 0x65, 0x6C, 0x6F, 0x61, 0x64, 0x4C,
    0x6F, 0x6F, 0x70, 0x28, 0x31, 0x30, 0x30, 0x30, 0x29, 0x3B, 0x0D, 0x0A,
    0x20, 0x20, 0x20, 0x20, 0x20, 0x20, 0x20, 0x20, 0x7D, 0x2C, 0x20, 0x35,
    0x30, 0x30, 0x29, 0x3B, 0x0D, 0x0A, 0x20, 0x20, 0x20, 0x20, 0x20, 0x20,
    0x7D, 0x20, 0x63, 0x61, 0x74, 0x63, 0x68, 0x20, 0x28, 0x65, 0x72, 0x72,
    0x29, 0x20, 0x7B, 0x0D, 0x0A, 0x20, 0x20, 0x20, 0x20, 0x20, 0x20, 0x20,
    0x20, 0x61, 0x6C, 0x65, 0x72, 0x74, 0x28, 0x65, 0x72, 0x72, 0x2E, 0x74,
    0x6F, 0x53, 0x74, 0x72, 0x69, 0x6E, 0x67, 0x28, 0x29, 0x29, 0x3B, 0x0D,
    0x0A, 0x20, 0x20, 0x20, 0x20, 0x20, 0x20, 0x7D, 0x0D, 0x0A, 0x20, 0x20,
    0x20, 0x20, 0x7D, 0x29, 0x3B, 0x0D, 0x0A, 0x20, 0x20, 0x7D, 0x0D, 0x0A,
    0x7D, 0x0D, 0x0A, 0x0D, 0x0A, 0x0D, 0x0A, 0x2F, 0x2F, 0x20, 0x3D, 0x3D,
    0x3D, 0x3D, 0x3D, 0x20, 0x64, 0x6F, 0x77, 0x6E, 0x6C, 0x6F, 0x61, 0x64,
    0x2E, 0x6A, 0x73, 0x20, 0x3D, 0x3D, 0x3D, 0x3D, 0x3D, 0x0D, 0x0A, 0x66,
    0x75, 0x6E, 0x63, 0x74, 0x69, 0x6F, 0x6E, 0x20, 0x69, 0x6E, 0x69, 0x74,
    0x44, 0x6F, 0x77, 0x6E, 0x6C, 0x6F, 0x61, 0x64, 0x28, 0x29, 0x20, 0x7B,
    0x0D, 0x0A, 0x20, 0x20, 0x69, 0x66, 0x20, 0x28, 0x21, 0x65, 0x6C, 0x2E,
    0x62, 0x74, 0x6E, 0x44, 0x6F, 0x77, 0x6E, 0x6C, 0x6F, 0x61, 0x64, 0x29,
    0x20, 0x72, 0x65, 0x74, 0x75, 0x72, 0x6E, 0x3B, 0x0D, 0x0A, 0x20, 0x20,
    0x65, 0x6C, 0x2E, 0x62, 0x74, 0x6E, 0x44, 0x6F, 0x77, 0x6E, 0x6C, 0x6F,
    0x61, 0x64, 0x2E, 0x61, 0x64, 0x64, 0x45, 0x76, 0x65, 0x6E, 0x74, 0x4C,
    0x69, 0x73, 0x74, 0x65, 0x6E, 0x65, 0x72, 0x28, 0x27, 0x63, 0x6C, 0x69,
    0x63, 0x6B, 0x27, 0x2C, 0x20, 0x28, 0x29, 0x20, 0x3D, 0x3E, 0x20, 0x7B,
    0x0D, 0x0A, 0x20, 0x20, 0x20, 0x20, 0x63, 0x6F, 0x6E, 0x73, 0x74, 0x20,
    0x6C, 0x69, 0x6E, 0x6B, 0x20, 0x3D, 0x20, 0x64, 0x6F, 0x63, 0x75, 0x6D,
    0x65, 0x6E, 0x74, 0x2E, 0x63, 0x72, 0x65, 0x61, 0x74, 0x65, 0x45, 0x6C,
    0x65, 0x6D, 0x65, 0x6E, 0x74, 0x28, 0x27, 0x61, 0x27, 0x29, 0x3B, 0x0D,
    0x0A, 0x20, 0x20, 0x20, 0x20, 0x6C, 0x69, 0x6E, 0x6B, 0x2E, 0x68, 0x72,
    0x65, 0x66, 0x20, 0x3D, 0x20, 0x27, 0x2F, 0x64, 0x6F, 0x77, 0x6E, 0x6C,
    0x6F, 0x61, 0x64, 0x27, 0x3B, 0x0D, 0x0A, 0x20, 0x20, 0x20, 0x20, 0x6C,
    0x69, 0x6E, 0x6B, 0x2E, 0x64, 0x6F, 0x77, 0x6E, 0x6C, 0x6F, 0x61, 0x64,
    0x20, 0x3D, 0x20, 0x27, 0x64, 0x6F, 0x77, 0x6E, 0x6C, 0x6F, 0x61, 0x64,
    0x2E, 0x62, 0x69, 0x6E, 0x27, 0x3B, 0x0D, 0x0A, 0x20, 0x20, 0x20, 0x20,
    0x64, 0x6F, 0x63, 0x75, 0x6D, 0x65, 0x6E, 0x74, 0x2E, 0x62, 0x6F, 0x64,
    0x79, 0x2E, 0x61, 0x70, 0x70, 0x65, 0x6E, 0x64, 0x43, 0x68, 0x69, 0x6C,
    0x64, 0x28, 0x6C, 0x69, 0x6E, 0x6B, 0x29, 0x3B, 0x0D, 0x0A, 0x20, 0x20,
    0x20, 0x20, 0x6C, 0x69, 0x6E, 0x6B, 0x2E, 0x63, 0x6C, 0x69, 0x63, 0x6B,
    0x28, 0x29, 0x3B, 0x0D, 0x0A, 0x20, 0x20, 0x20, 0x20, 0x6C, 0x69, 0x6E,
    0x6B, 0x2E, 0x72, 0x65, 0x6D, 0x6F, 0x76, 0x65, 0x28, 0x29, 0x3B, 0x0D,
    0x0A, 0x20, 0x20, 0x20, 0x20, 0x6C, 0x6F, 0x67, 0x28, 0x27, 0x44, 0x6F,
    0x77, 0x6E, 0x6C, 0x6F, 0x61, 0x64, 0x20, 0x72, 0x65, 0x71, 0x75, 0x65,
    0x73, 0x74, 0x65, 0x64, 0x27, 0x29, 0x3B, 0x0D, 0x0A, 0x20, 0x20, 0x7D,
    0x29, 0x3B, 0x0D, 0x0A, 0x7D, 0x0D, 0x0A, 0x0D, 0x0A, 0x0D, 0x0A, 0x2F,
    0x2F, 0x20, 0x3D, 0x3D, 0x3D, 0x3D, 0x3D, 0x20, 0x74, 0x69, 0x6D, 0x65,
    0x53, 0x79, 0x6E, 0x63, 0x2E, 0x6A, 0x73, 0x20, 0x3D, 0x3D, 0x3D, 0x3D,
    0x3D, 0x0D, 0x0A, 0x61, 0x73, 0x79, 0x6E, 0x63, 0x20, 0x66, 0x75, 0x6E,
    0x63, 0x74, 0x69, 0x6F, 0x6E, 0x20, 0x73, 0x65, 0x74, 0x54, 0x69, 0x6D,
    0x65, 0x54, 0x6F, 0x44, 0x65, 0x76, 0x69, 0x63, 0x65, 0x28, 0x29, 0x20,
    0x7B, 0x0D, 0x0A, 0x20, 0x20, 0x63, 0x6F, 0x6E, 0x73, 0x74, 0x20, 0x74,
    0x69, 0x6D, 0x65, 0x53, 0x74, 0x72, 0x20, 0x3D, 0x20, 0x67, 0x65, 0x74,
    0x43, 0x75, 0x72, 0x72, 0x65, 0x6E, 0x74, 0x54, 0x69, 0x6D, 0x65, 0x53,
    0x74, 0x72, 0x69, 0x6E, 0x67, 0x28, 0x29, 0x3B, 0x0D, 0x0A, 0x20, 0x20,
    0x74, 0x72, 0x79, 0x20, 0x7B, 0x0D, 0x0A, 0x20, 0x20, 0x20, 0x20, 0x61,
    0x77, 0x61, 0x69, 0x74, 0x20, 0x70, 0x6F, 0x73, 0x74, 0x53, 0x65, 0x74,
    0x54, 0x69, 0x6D, 0x65, 0x28, 0x74, 0x69, 0x6D, 0x65, 0x53, 0x74, 0x72,
    0x29, 0x3B, 0x0D, 0x0A, 0x20, 0x20, 0x20, 0x20, 0x6C, 0x6F, 0x67, 0x28,
    0x27, 0x54, 0x69, 0x6D, 0x65, 0x20, 0x73, 0x79, 0x6E, 0x63, 0x68, 0x72,
    0x6F, 0x6E, 0x69, 0x7A, 0x65, 0x64, 0x27, 0x29, 0x3B, 0x0D, 0x0A, 0x20,
    0x20, 0x20, 0x20, 0x72, 0x65, 0x74, 0x75, 0x72, 0x6E, 0x20, 0x74, 0x72,
    0x75, 0x65, 0x3B, 0x0D, 0x0A, 0x20, 0x20, 0x7D, 0x20, 0x63, 0x61, 0x74,
    0x63, 0x68, 0x20, 0x28, 0x65, 0x72, 0x72, 0x29, 0x20, 0x7B, 0x0D, 0x0A,
    0x20, 0x20, 0x20, 0x20, 0x72, 0x65, 0x74, 0x75, 0x72, 0x6E, 0x20, 0x66,
    0x61, 0x6C, 0x73, 0x65, 0x3B, 0x0D, 0x0A, 0x20, 0x20, 0x7D, 0x0D, 0x0A,
    0x7D, 0x0D, 0x0A, 0x61, 0x73, 0x79, 0x6E, 0x63, 0x20, 0x66, 0x75, 0x6E,
    0x63, 0x74, 0x69, 0x6F, 0x6E, 0x20, 0x77, 0x61, 0x69, 0x74, 0x54, 0x69,
    0x6D, 0x65, 0x53, 0x79, 0x6E, 0x63, 0x55, 0x6E, 0x74, 0x69, 0x6C, 0x53,
    0x75, 0x63, 0x63, 0x65, 0x73, 0x73, 0x28, 0x29, 0x20, 0x7B, 0x0D, 0x0A,
    0x20, 0x20, 0x6C, 0x6F, 0x67, 0x28, 0x27, 0x57, 0x61, 0x69, 0x74, 0x69,
    0x6E, 0x67, 0x20, 0x64, 0x65, 0x76, 0x69, 0x63, 0x65, 0x20, 0x72, 0x65,
    0x62, 0x6F, 0x6F, 0x74, 0x2E, 0x2E, 0x2E, 0x27, 0x29, 0x3B, 0x0D, 0x0A,
    0x20, 0x20, 0x77, 0x68, 0x69, 0x6C, 0x65, 0x20, 0x28, 0x74, 0x72, 0x75,
    0x65, 0x29, 0x20, 0x7B, 0x0D, 0x0A, 0x20, 0x20, 0x20, 0x20, 0x63, 0x6F,
    0x6E, 0x73, 0x74, 0x20, 0x6F, 0x6B, 0x20, 0x3D, 0x20, 0x61, 0x77, 0x61,
    0x69, 0x74, 0x20, 0x73, 0x65, 0x74, 0x54, 0x69, 0x6D, 0x65, 0x54, 0x6F,
    0x44, 0x65, 0x76, 0x69, 0x63, 0x65, 0x28, 0x29, 0x3B, 0x0D, 0x0A, 0x20,
    0x20, 0x20, 0x20, 0x69, 0x66, 0x20, 0x28, 0x6F, 0x6B, 0x29, 0x20, 0x7B,
    0x0D, 0x0A, 0x20, 0x20, 0x20, 0x20, 0x20, 0x20, 0x6C, 0x6F, 0x67, 0x28,
    0x27, 0x54, 0x69, 0x6D, 0x65, 0x20, 0x73, 0x79, 0x6E, 0x63, 0x20, 0x73,
    0x75, 0x63, 0x63, 0x65, 0x73, 0x73, 0x20, 0x61, 0x66, 0x74, 0x65, 0x72,
    0x20, 0x72, 0x65, 0x73, 0x65, 0x74, 0x27, 0x29, 0x3B, 0x0D, 0x0A, 0x20,
    0x20, 0x20, 0x20, 0x20, 0x20, 0x73, 0x65, 0x73, 0x73, 0x69, 0x6F, 0x6E,
    0x53, 0x74, 0x6F, 0x72, 0x61, 0x67, 0x65, 0x2E, 0x72, 0x65, 0x6D, 0x6F,
    0x76, 0x65, 0x49, 0x74, 0x65, 0x6D, 0x28, 0x73, 0x74, 0x61, 0x74, 0x65,
    0x2E, 0x73, 0x65, 0x73, 0x73, 0x69, 0x6F, 0x6E, 0x4B, 0x65, 0x79, 0x73,
    0x2E, 0x77, 0x61, 0x69, 0x74, 0x54, 0x69, 0x6D, 0x65, 0x53, 0x79, 0x6E,
    0x63, 0x29, 0x3B, 0x0D, 0x0A, 0x20, 0x20, 0x20, 0x20, 0x20, 0x20, 0x73,
    0x74, 0x6F, 0x70, 0x52, 0x65, 0x6C, 0x6F, 0x61, 0x64, 0x4C, 0x6F, 0x6F,
    0x70, 0x28, 0x29, 0x3B, 0x0D, 0x0A, 0x20, 0x20, 0x20, 0x20, 0x20, 0x20,
    0x62, 0x72, 0x65, 0x61, 0x6B, 0x3B, 0x0D, 0x0A, 0x20, 0x20, 0x20, 0x20,
    0x7D, 0x0D, 0x0A, 0x20, 0x20, 0x20, 0x20, 0x61, 0x77, 0x61, 0x69, 0x74,
    0x20, 0x64, 0x65, 0x6C, 0x61, 0x79, 0x28, 0x31, 0x30, 0x30, 0x30, 0x29,
    0x3B, 0x0D, 0x0A, 0x20, 0x20, 0x7D, 0x0D, 0x0A, 0x7D, 0x0D, 0x0A, 0x61,
    0x73, 0x79, 0x6E, 0x63, 0x20, 0x66, 0x75, 0x6E, 0x63, 0x74, 0x69, 0x6F,
    0x6E, 0x20, 0x73, 0x79, 0x6E, 0x63, 0x54, 0x69, 0x6D, 0x65, 0x55, 0x6E,
    0x74, 0x69, 0x6C, 0x53, 0x75, 0x63, 0x63, 0x65, 0x73, 0x73, 0x28, 0x69,
    0x6E, 0x74, 0x65, 0x72, 0x76, 0x61, 0x6C, 0x4D, 0x73, 0x20, 0x3D, 0x20,
    0x31, 0x30, 0x30, 0x30, 0x29, 0x20, 0x7B, 0x0D, 0x0A, 0x20, 0x20, 0x77,
    0x68, 0x69, 0x6C, 0x65, 0x20, 0x28, 0x74, 0x72, 0x75, 0x65, 0x29, 0x20,
    0x7B, 0x0D, 0x0A, 0x20, 0x20, 0x20, 0x20, 0x63, 0x6F, 0x6E, 0x73, 0x74,
    0x20, 0x6F, 0x6B, 0x20, 0x3D, 0x20, 0x61, 0x77, 0x61, 0x69, 0x74, 0x20,
    0x73, 0x65, 0x74, 0x54, 0x69, 0x6D, 0x65, 0x54, 0x6F, 0x44, 0x65, 0x76,
    0x69, 0x63, 0x65, 0x28, 0x29, 0x3B, 0x0D, 0x0A, 0x20, 0x20, 0x20, 0x20,
    0x69, 0x66, 0x20, 0x28, 0x6F, 0x6B, 0x29, 0x20, 0x7B, 0x0D, 0x0A, 0x20,
    0x20, 0x20, 0x20, 0x20, 0x20, 0x6C, 0x6F, 0x67, 0x28, 0x27, 0x49, 0x6E,
    0x69, 0x74, 0x69, 0x61, 0x6C, 0x20, 0x74, 0x69, 0x6D, 0x65, 0x20, 0x73,
    0x79, 0x6E, 0x63, 0x20, 0x73, 0x75, 0x63, 0x63, 0x65, 0x73, 0x73, 0x27,
    0x29, 0x3B, 0x0D, 0x0A, 0x20, 0x20, 0x20, 0x20, 0x20, 0x20, 0x72, 0x65,
    0x74, 0x75, 0x72, 0x6E, 0x20, 0x74, 0x72, 0x75, 0x65, 0x3B, 0x0D, 0x0A,
    0x20, 0x20, 0x20, 0x20, 0x7D, 0x0D, 0x0A, 0x20, 0x20, 0x20, 0x20, 0x61,
    0x77, 0x61, 0x69, 0x74, 0x20, 0x64, 0x65, 0x6C, 0x61, 0x79, 0x28, 0x69,
    0x6E, 0x74, 0x65, 0x72, 0x76, 0x61, 0x6C, 0x4D, 0x73, 0x29, 0x3B, 0x0D,
    0x0A, 0x20, 0x20, 0x7D, 0x0D, 0x0A, 0x7D, 0x0D, 0x0A, 0x0D, 0x0A, 0x0D,
    0x0A, 0x2F, 0x2F, 0x20, 0x3D, 0x3D, 0x3D, 0x3D, 0x3D, 0x20, 0x66, 0x73,
    0x2E, 0x6A, 0x73, 0x20, 0x3D, 0x3D, 0x3D, 0x3D, 0x3D, 0x0D, 0x0A, 0x2F,
    0x2A, 0x20, 0x73, 0x74, 0x6F, 0x70, 0x53, 0x74, 0x61, 0x74, 0x75, 0x73,
    0x50, 0x6F, 0x6C, 0x6C, 0x69, 0x6E, 0x67, 0x2F, 0x73, 0x74, 0x61, 0x72,
    0x74, 0x53, 0x74, 0x61, 0x74, 0x75, 0x73, 0x50, 0x6F, 0x6C, 0x6C, 0x69,
    0x6E, 0x67, 0x3A, 0x20, 0xEB, 0x8B, 0xA4, 0xEC, 0x9A, 0xB4, 0xEB, 0xA1,
    0x9C, 0xEB, 0x93, 0x9C, 0xEC, 0x97, 0x90, 0xEB, 0xA7, 0x8C, 0x20, 0xEC,
    0x82, 0xAC, 0xEC, 0x9A, 0xA9, 0x2E, 0x0D, 0x0A, 0x20, 0x2A, 0x20, 0xEC,
    0x97, 0x85, 0xEB, 0xA1, 0x9C, 0xEB, 0x93, 0x9C, 0xEB, 0x8A, 0x94, 0x20,
    0x53, 0x36, 0x28, 0xEB, 0x91, 0x90, 0x20, 0xEB, 0xB2, 0x88, 0xEC, 0xA7,
    0xB8, 0x20, 0x48, 0x54, 0x54, 0x50, 0x20, 0xEC, 0x86, 0x8C, 0xEC, 0xBC,
    0x93, 0x29, 0xEC, 0x9D, 0xB4, 0x20, 0xEC, 0x83, 0x81, 0xED, 0x83, 0x9C,
    0xED, 0x8F, 0xB4, 0xEB, 0xA7, 0x81, 0xEC, 0x9D, 0x84, 0x20, 0xEB, 0xB3,
    0x91, 0xEB, 0xA0, 0xAC, 0x20, 0xEC, 0xB2, 0x98, 0xEB, 0xA6, 0xAC, 0xED,
    0x95, 0x98, 0xEB, 0xAF, 0x80, 0xEB, 0xA1, 0x9C, 0x20, 0xEB, 0xA9, 0x88,
    0xEC, 0xB6, 0x9C, 0x20, 0xED, 0x95, 0x84, 0xEC, 0x9A, 0x94, 0x20, 0xEC,
    0x97, 0x86, 0xEC, 0x9D, 0x8C, 0x2E, 0x20, 0x2A, 0x2F, 0x0D, 0x0A, 0x0D,
    0x0A, 0x2F, 0x2A, 0x20, 0xE2, 0x94, 0x80, 0xE2, 0x94, 0x80, 0xE2, 0x94,
    0x80, 0xE2, 0x94, 0x80, 0xE2, 0x94, 0x80, 0xE2, 0x94, 0x80, 0xE2, 0x94,
    0x80, 0xE2, 0x94, 0x80, 0xE2, 0x94, 0x80, 0xE2, 0x94, 0x80, 0xE2, 0x94,
    0x80, 0xE2, 0x94, 0x80, 0xE2, 0x94, 0x80, 0xE2, 0x94, 0x80, 0xE2, 0x94,
    0x80, 0xE2, 0x94, 0x80, 0xE2, 0x94, 0x80, 0xE2, 0x94, 0x80, 0xE2, 0x94,
    0x80, 0xE2, 0x94, 0x80, 0xE2, 0x94, 0x80, 0xE2, 0x94, 0x80, 0xE2, 0x94,
    0x80, 0xE2, 0x94, 0x80, 0xE2, 0x94, 0x80, 0xE2, 0x94, 0x80, 0xE2, 0x94,
    0x80, 0xE2, 0x94, 0x80, 0xE2, 0x94, 0x80, 0xE2, 0x94, 0x80, 0xE2, 0x94,
    0x80, 0xE2, 0x94, 0x80, 0xE2, 0x94, 0x80, 0xE2, 0x94, 0x80, 0xE2, 0x94,
    0x80, 0xE2, 0x94, 0x80, 0xE2, 0x94, 0x80, 0xE2, 0x94, 0x80, 0xE2, 0x94,
    0x80, 0xE2, 0x94, 0x80, 0xE2, 0x94, 0x80, 0xE2, 0x94, 0x80, 0xE2, 0x94,
    0x80, 0xE2, 0x94, 0x80, 0xE2, 0x94, 0x80, 0x0D, 0x0A, 0x20, 0x2A, 0x20,
    0xEC, 0x83, 0x81, 0xED, 0x83, 0x9C, 0x0D, 0x0A, 0x20, 0x2A, 0x20, 0xE2,
    0x94, 0x80, 0xE2, 0x94, 0x80, 0xE2, 0x94, 0x80, 0xE2, 0x94, 0x80, 0xE2,
    0x94, 0x80, 0xE2, 0x94, 0x80, 0xE2, 0x94, 0x80, 0xE2, 0x94, 0x80, 0xE2,
    0x94, 0x80, 0xE2, 0x94, 0x80, 0xE2, 0x94, 0x80, 0xE2, 0x94, 0x80, 0xE2,
    0x94, 0x80, 0xE2, 0x94, 0x80, 0xE2, 0x94, 0x80, 0xE2, 0x94, 0x80, 0xE2,
    0x94, 0x80, 0xE2, 0x94, 0x80, 0xE2, 0x94, 0x80, 0xE2, 0x94, 0x80, 0xE2,
    0x94, 0x80, 0xE2, 0x94, 0x80, 0xE2, 0x94, 0x80, 0xE2, 0x94, 0x80, 0xE2,
    0x94, 0x80, 0xE2, 0x94, 0x80, 0xE2, 0x94, 0x80, 0xE2, 0x94, 0x80, 0xE2,
    0x94, 0x80, 0xE2, 0x94, 0x80, 0xE2, 0x94, 0x80, 0xE2, 0x94, 0x80, 0xE2,
    0x94, 0x80, 0xE2, 0x94, 0x80, 0xE2, 0x94, 0x80, 0xE2, 0x94, 0x80, 0xE2,
    0x94, 0x80, 0xE2, 0x94, 0x80, 0xE2, 0x94, 0x80, 0xE2, 0x94, 0x80, 0xE2,
    0x94, 0x80, 0xE2, 0x94, 0x80, 0xE2, 0x94, 0x80, 0xE2, 0x94, 0x80, 0xE2,
    0x94, 0x80, 0x20, 0x2A, 0x2F, 0x0D, 0x0A, 0x6C, 0x65, 0x74, 0x20, 0x66,
    0x73, 0x50, 0x61, 0x74, 0x68, 0x53, 0x65, 0x67, 0x6D, 0x65, 0x6E, 0x74,
    0x73, 0x20, 0x3D, 0x20, 0x5B, 0x5D, 0x3B, 0x20, 0x20, 0x2F, 0x2A, 0x20,
    0xED, 0x98, 0x84, 0xEC, 0x9E, 0xAC, 0x20, 0xEA, 0xB2, 0xBD, 0xEB, 0xA1,
    0x9C, 0x20, 0xEC, 0x84, 0xB8, 0xEA, 0xB7, 0xB8, 0xEB, 0xA8, 0xBC, 0xED,
    0x8A, 0xB8, 0x20, 0xEB, 0xB0, 0xB0, 0xEC, 0x97, 0xB4, 0x20, 0x28, 0xEB,
    0xA3, 0xA8, 0xED, 0x8A, 0xB8, 0x20, 0x3D, 0x20, 0x5B, 0x5D, 0x29, 0x20,
    0x2A, 0x2F, 0x0D, 0x0A, 0x6C, 0x65, 0x74, 0x20, 0x66, 0x73, 0x53, 0x65,
    0x6C, 0x65, 0x63, 0x74, 0x65, 0x64, 0x46, 0x69, 0x6C, 0x65, 0x20, 0x3D,
    0x20, 0x6E, 0x75, 0x6C, 0x6C, 0x3B, 0x0D, 0x0A, 0x0D, 0x0A, 0x2F, 0x2A,
    0x20, 0xE2, 0x94, 0x80, 0xE2, 0x94, 0x80, 0xE2, 0x94, 0x80, 0xE2, 0x94,
    0x80, 0xE2, 0x94, 0x80, 0xE2, 0x94, 0x80, 0xE2, 0x94, 0x80, 0xE2, 0x94,
    0x80, 0xE2, 0x94, 0x80, 0xE2, 0x94, 0x80, 0xE2, 0x94, 0x80, 0xE2, 0x94,
    0x80, 0xE2, 0x94, 0x80, 0xE2, 0x94, 0x80, 0xE2, 0x94, 0x80, 0xE2, 0x94,
    0x80, 0xE2, 0x94, 0x80, 0xE2, 0x94, 0x80, 0xE2, 0x94, 0x80, 0xE2, 0x94,
    0x80, 0xE2, 0x94, 0x80, 0xE2, 0x94, 0x80, 0xE2, 0x94, 0x80, 0xE2, 0x94,
    0x80, 0xE2, 0x94, 0x80, 0xE2, 0x94, 0x80, 0xE2, 0x94, 0x80, 0xE2, 0x94,
    0x80, 0xE2, 0x94, 0x80, 0xE2, 0x94, 0x80, 0xE2, 0x94, 0x80, 0xE2, 0x94,
    0x80, 0xE2, 0x94, 0x80, 0xE2, 0x94, 0x80, 0xE2, 0x94, 0x80, 0xE2, 0x94,
    0x80, 0xE2, 0x94, 0x80, 0xE2, 0x94, 0x80, 0xE2, 0x94, 0x80, 0xE2, 0x94,
    0x80, 0xE2, 0x94, 0x80, 0xE2, 0x94, 0x80, 0xE2, 0x94, 0x80, 0xE2, 0x94,
    0x80, 0xE2, 0x94, 0x80, 0x0D, 0x0A, 0x20, 0x2A, 0x20, 0xEA, 0xB2, 0xBD,
    0xEB, 0xA1, 0x9C, 0x20, 0xEC, 0x9C, 0xA0, 0xED, 0x8B, 0xB8, 0x0D, 0x0A,
    0x20, 0x2A, 0x20, 0xE2, 0x94, 0x80, 0xE2, 0x94, 0x80, 0xE2, 0x94, 0x80,
    0xE2, 0x94, 0x80, 0xE2, 0x94, 0x80, 0xE2, 0x94, 0x80, 0xE2, 0x94, 0x80,
    0xE2, 0x94, 0x80, 0xE2, 0x94, 0x80, 0xE2, 0x94, 0x80, 0xE2, 0x94, 0x80,
    0xE2, 0x94, 0x80, 0xE2, 0x94, 0x80, 0xE2, 0x94, 0x80, 0xE2, 0x94, 0x80,
    0xE2, 0x94, 0x80, 0xE2, 0x94, 0x80, 0xE2, 0x94, 0x80, 0xE2, 0x94, 0x80,
    0xE2, 0x94, 0x80, 0xE2, 0x94, 0x80, 0xE2, 0x94, 0x80, 0xE2, 0x94, 0x80,
    0xE2, 0x94, 0x80, 0xE2, 0x94, 0x80, 0xE2, 0x94, 0x80, 0xE2, 0x94, 0x80,
    0xE2, 0x94, 0x80, 0xE2, 0x94, 0x80, 0xE2, 0x94, 0x80, 0xE2, 0x94, 0x80,
    0xE2, 0x94, 0x80, 0xE2, 0x94, 0x80, 0xE2, 0x94, 0x80, 0xE2, 0x94, 0x80,
    0xE2, 0x94, 0x80, 0xE2, 0x94, 0x80, 0xE2, 0x94, 0x80, 0xE2, 0x94, 0x80,
    0xE2, 0x94, 0x80, 0xE2, 0x94, 0x80, 0xE2, 0x94, 0x80, 0xE2, 0x94, 0x80,
    0xE2, 0x94, 0x80, 0xE2, 0x94, 0x80, 0x20, 0x2A, 0x2F, 0x0D, 0x0A, 0x66,
    0x75, 0x6E, 0x63, 0x74, 0x69, 0x6F, 0x6E, 0x20, 0x67, 0x65, 0x74, 0x43,
    0x75, 0x72, 0x72, 0x65, 0x6E, 0x74, 0x50, 0x61, 0x74, 0x68, 0x28, 0x29,
    0x20, 0x7B, 0x0D, 0x0A, 0x20, 0x20, 0x72, 0x65, 0x74, 0x75, 0x72, 0x6E,
    0x20, 0x66, 0x73, 0x50, 0x61, 0x74, 0x68, 0x53, 0x65, 0x67, 0x6D, 0x65,
    0x6E, 0x74, 0x73, 0x2E, 0x6A, 0x6F, 0x69, 0x6E, 0x28, 0x27, 0x2F, 0x27,
    0x29, 0x3B, 0x0D, 0x0A, 0x7D, 0x0D, 0x0A, 0x0D, 0x0A, 0x66, 0x75, 0x6E,
    0x63, 0x74, 0x69, 0x6F, 0x6E, 0x20, 0x67, 0x65, 0x74, 0x46, 0x75, 0x6C,
    0x6C, 0x46, 0x69, 0x6C, 0x65, 0x50, 0x61, 0x74, 0x68, 0x28, 0x6E, 0x61,
    0x6D, 0x65, 0x29, 0x20, 0x7B, 0x0D, 0x0A, 0x20, 0x20, 0x63, 0x6F, 0x6E,
    0x73, 0x74, 0x20, 0x64, 0x69, 0x72, 0x20, 0x3D, 0x20, 0x67, 0x65, 0x74,
    0x43, 0x75, 0x72, 0x72, 0x65, 0x6E, 0x74, 0x50, 0x61, 0x74, 0x68, 0x28,
    0x29, 0x3B, 0x0D, 0x0A, 0x20, 0x20, 0x72, 0x65, 0x74, 0x75, 0x72, 0x6E,
    0x20, 0x64, 0x69, 0x72, 0x20, 0x3F, 0x20, 0x64, 0x69, 0x72, 0x20, 0x2B,
    0x20, 0x27, 0x2F, 0x27, 0x20, 0x2B, 0x20, 0x6E, 0x61, 0x6D, 0x65, 0x20,
    0x3A, 0x20, 0x6E, 0x61, 0x6D, 0x65, 0x3B, 0x0D, 0x0A, 0x7D, 0x0D, 0x0A,
    0x0D, 0x0A, 0x2F, 0x2A, 0x20, 0xE2, 0x94, 0x80, 0xE2, 0x94, 0x80, 0xE2,
    0x94, 0x80, 0xE2, 0x94, 0x80, 0xE2, 0x94, 0x80, 0xE2, 0x94, 0x80, 0xE2,
    0x94, 0x80, 0xE2, 0x94, 0x80, 0xE2, 0x94, 0x80, 0xE2, 0x94, 0x80, 0xE2,
    0x94, 0x80, 0xE2, 0x94, 0x80, 0xE2, 0x94, 0x80, 0xE2, 0x94, 0x80, 0xE2,
    0x94, 0x80, 0xE2, 0x94, 0x80, 0xE2, 0x94, 0x80, 0xE2, 0x94, 0x80, 0xE2,
    0x94, 0x80, 0xE2, 0x94, 0x80, 0xE2, 0x94, 0x80, 0xE2, 0x94, 0x80, 0xE2,
    0x94, 0x80, 0xE2, 0x94, 0x80, 0xE2, 0x94, 0x80, 0xE2, 0x94, 0x80, 0xE2,
    0x94, 0x80, 0xE2, 0x94, 0x80, 0xE2, 0x94, 0x80, 0xE2, 0x94, 0x80, 0xE2,
    0x94, 0x80, 0xE2, 0x94, 0x80, 0xE2, 0x94, 0x80, 0xE2, 0x94, 0x80, 0xE2,
    0x94, 0x80, 0xE2, 0x94, 0x80, 0xE2, 0x94, 0x80, 0xE2, 0x94, 0x80, 0xE2,
    0x94, 0x80, 0xE2, 0x94, 0x80, 0xE2, 0x94, 0x80, 0xE2, 0x94, 0x80, 0xE2,
    0x94, 0x80, 0xE2, 0x94, 0x80, 0xE2, 0x94, 0x80, 0x0D, 0x0A, 0x20, 0x2A,
    0x20, 0xED, 0x8C, 0x8C, 0xEC, 0x9D, 0xBC, 0x20, 0xED, 0x81, 0xAC, 0xEA,
    0xB8, 0xB0, 0x20, 0xED, 0x8F, 0xAC, 0xEB, 0xA7, 0xB7, 0x0D, 0x0A, 0x20,
    0x2A, 0x20, 0xEC, 0x86, 0x8C, 0xEC, 0x88, 0x98, 0xEC, 0xA0, 0x90, 0x20,
    0x33, 0xEC, 0x9E, 0x90, 0xEB, 0xA6, 0xAC, 0xEA, 0xB9, 0x8C, 0xEC, 0xA7,
    0x80, 0x2C, 0x20, 0xEB, 0x8B, 0xA8, 0xEC, 0x9C, 0x84, 0x20, 0xEC, 0x9E,
    0x90, 0xEB, 0x8F, 0x99, 0x20, 0xEC, 0x84, 0xA0, 0xED, 0x83, 0x9D, 0x20,
    0x28, 0x42, 0x20, 0x2F, 0x20, 0x4B, 0x42, 0x20, 0x2F, 0x20, 0x4D, 0x42,
    0x29, 0x0D, 0x0A, 0x20, 0x2A, 0x20, 0xE2, 0x94, 0x80, 0xE2, 0x94, 0x80,
    0xE2, 0x94, 0x80, 0xE2, 0x94, 0x80, 0xE2, 0x94, 0x80, 0xE2, 0x94, 0x80,
    0xE2, 0x94, 0x80, 0xE2, 0x94, 0x80, 0xE2, 0x94, 0x80, 0xE2, 0x94, 0x80,
    0xE2, 0x94, 0x80, 0xE2, 0x94, 0x80, 0xE2, 0x94, 0x80, 0xE2, 0x94, 0x80,
    0xE2, 0x94, 0x80, 0xE2, 0x94, 0x80, 0xE2, 0x94, 0x80, 0xE2, 0x94, 0x80,
    0xE2, 0x94, 0x80, 0xE2, 0x94, 0x80, 0xE2, 0x94, 0x80, 0xE2, 0x94, 0x80,
    0xE2, 0x94, 0x80, 0xE2, 0x94, 0x80, 0xE2, 0x94, 0x80, 0xE2, 0x94, 0x80,
    0xE2, 0x94, 0x80, 0xE2, 0x94, 0x80, 0xE2, 0x94, 0x80, 0xE2, 0x94, 0x80,
    0xE2, 0x94, 0x80, 0xE2, 0x94, 0x80, 0xE2, 0x94, 0x80, 0xE2, 0x94, 0x80,
    0xE2, 0x94, 0x80, 0xE2, 0x94, 0x80, 0xE2, 0x94, 0x80, 0xE2, 0x94, 0x80,
    0xE2, 0x94, 0x80, 0xE2, 0x94, 0x80, 0xE2, 0x94, 0x80, 0xE2, 0x94, 0x80,
    0xE2, 0x94, 0x80, 0xE2, 0x94, 0x80, 0xE2, 0x94, 0x80, 0x20, 0x2A, 0x2F,
    0x0D, 0x0A, 0x66, 0x75, 0x6E, 0x63, 0x74, 0x69, 0x6F, 0x6E, 0x20, 0x66,
    0x6F, 0x72, 0x6D, 0x61, 0x74, 0x46, 0x69, 0x6C, 0x65, 0x53, 0x69, 0x7A,
    0x65, 0x28, 0x62, 0x79, 0x74, 0x65, 0x73, 0x29, 0x20, 0x7B, 0x0D, 0x0A,
    0x20, 0x20, 0x69, 0x66, 0x20, 0x28, 0x62, 0x79, 0x74, 0x65, 0x73, 0x20,
    0x3E, 0x3D, 0x20, 0x31, 0x30, 0x32, 0x34, 0x20, 0x2A, 0x20, 0x31, 0x30,
    0x32, 0x34, 0x29, 0x0D, 0x0A, 0x20, 0x20, 0x20, 0x20, 0x72, 0x65, 0x74,
    0x75, 0x72, 0x6E, 0x20, 0x28, 0x62, 0x79, 0x74, 0x65, 0x73, 0x20, 0x2F,
    0x20, 0x28, 0x31, 0x30, 0x32, 0x34, 0x20, 0x2A, 0x20, 0x31, 0x30, 0x32,
    0x34, 0x29, 0x29, 0x2E, 0x74, 0x6F, 0x46, 0x69, 0x78, 0x65, 0x64, 0x28,
    0x33, 0x29, 0x20, 0x2B, 0x20, 0x27, 0x20, 0x4D, 0x42, 0x27, 0x3B, 0x0D,
    0x0A, 0x20, 0x20, 0x69, 0x66, 0x20, 0x28, 0x62, 0x79, 0x74, 0x65, 0x73,
    0x20, 0x3E, 0x3D, 0x20, 0x31, 0x30, 0x32, 0x34, 0x29, 0x0D, 0x0A, 0x20,
    0x20, 0x20, 0x20, 0x72, 0x65, 0x74, 0x75, 0x72, 0x6E, 0x20, 0x28, 0x62,
    0x79, 0x74, 0x65, 0x73, 0x20, 0x2F, 0x20, 0x31, 0x30, 0x32, 0x34, 0x29,
    0x2E, 0x74, 0x6F, 0x46, 0x69, 0x78, 0x65, 0x64, 0x28, 0x33, 0x29, 0x20,
    0x2B, 0x20, 0x27, 0x20, 0x4B, 0x42, 0x27, 0x3B, 0x0D, 0x0A, 0x20, 0x20,
    0x72, 0x65, 0x74, 0x75, 0x72, 0x6E, 0x20, 0x62, 0x79, 0x74, 0x65, 0x73,
    0x20, 0x2B, 0x20, 0x27, 0x20, 0x42, 0x27, 0x3B, 0x0D, 0x0A, 0x7D, 0x0D,
    0x0A, 0x0D, 0x0A, 0x2F, 0x2A, 0x20, 0xE2, 0x94, 0x80, 0xE2, 0x94, 0x80,
    0xE2, 0x94, 0x80, 0xE2, 0x94, 0x80, 0xE2, 0x94, 0x80, 0xE2, 0x94, 0x80,
    0xE2, 0x94, 0x80, 0xE2, 0x94, 0x80, 0xE2, 0x94, 0x80, 0xE2, 0x94, 0x80,
    0xE2, 0x94, 0x80, 0xE2, 0x94, 0x80, 0xE2, 0x94, 0x80, 0xE2, 0x94, 0x80,
    0xE2, 0x94, 0x80, 0xE2, 0x94, 0x80, 0xE2, 0x94, 0x80, 0xE2, 0x94, 0x80,
    0xE2, 0x94, 0x80, 0xE2, 0x94, 0x80, 0xE2, 0x94, 0x80, 0xE2, 0x94, 0x80,
    0xE2, 0x94, 0x80, 0xE2, 0x94, 0x80, 0xE2, 0x94, 0x80, 0xE2, 0x94, 0x80,
    0xE2, 0x94, 0x80, 0xE2, 0x94, 0x80, 0xE2, 0x94, 0x80, 0xE2, 0x94, 0x80,
    0xE2, 0x94, 0x80, 0xE2, 0x94, 0x80, 0xE2, 0x94, 0x80, 0xE2, 0x94, 0x80,
    0xE2, 0x94, 0x80, 0xE2, 0x94, 0x80, 0xE2, 0x94, 0x80, 0xE2, 0x94, 0x80,
    0xE2, 0x94, 0x80, 0xE2, 0x94, 0x80, 0xE2, 0x94, 0x80, 0xE2, 0x94, 0x80,
    0xE2, 0x94, 0x80, 0xE2, 0x94, 0x80, 0xE2, 0x94, 0x80, 0x0D, 0x0A, 0x20,
    0x2A, 0x20, 0xEB, 0xB8, 0x8C, 0xEB, 0xA0, 0x88, 0xEB, 0x93, 0x9C, 0xED,
    0x81, 0xAC, 0xEB, 0x9F, 0xBC, 0x20, 0xEB, 0xA0, 0x8C, 0xEB, 0x8D, 0x94,
    0xEB, 0xA7, 0x81, 0x0D, 0x0A, 0x20, 0x2A, 0x20, 0xE2, 0x94, 0x80, 0xE2,
    0x94, 0x80, 0xE2, 0x94, 0x80, 0xE2, 0x94, 0x80, 0xE2, 0x94, 0x80, 0xE2,
    0x94, 0x80, 0xE2, 0x94, 0x80, 0xE2, 0x94, 0x80, 0xE2, 0x94, 0x80, 0xE2,
    0x94, 0x80, 0xE2, 0x94, 0x80, 0xE2, 0x94, 0x80, 0xE2, 0x94, 0x80, 0xE2,
    0x94, 0x80, 0xE2, 0x94, 0x80, 0xE2, 0x94, 0x80, 0xE2, 0x94, 0x80, 0xE2,
    0x94, 0x80, 0xE2, 0x94, 0x80, 0xE2, 0x94, 0x80, 0xE2, 0x94, 0x80, 0xE2,
    0x94, 0x80, 0xE2, 0x94, 0x80, 0xE2, 0x94, 0x80, 0xE2, 0x94, 0x80, 0xE2,
    0x94, 0x80, 0xE2, 0x94, 0x80, 0xE2, 0x94, 0x80, 0xE2, 0x94, 0x80, 0xE2,
    0x94, 0x80, 0xE2, 0x94, 0x80, 0xE2, 0x94, 0x80, 0xE2, 0x94, 0x80, 0xE2,
    0x94, 0x80, 0xE2, 0x94, 0x80, 0xE2, 0x94, 0x80, 0xE2, 0x94, 0x80, 0xE2,
    0x94, 0x80, 0xE2, 0x94, 0x80, 0xE2, 0x94, 0x80, 0xE2, 0x94, 0x80, 0xE2,
    0x94, 0x80, 0xE2, 0x94, 0x80, 0xE2, 0x94, 0x80, 0xE2, 0x94, 0x80, 0x20,
    0x2A, 0x2F, 0x0D, 0x0A, 0x66, 0x75, 0x6E, 0x63, 0x74, 0x69, 0x6F, 0x6E,
    0x20, 0x72, 0x65, 0x6E, 0x64, 0x65, 0x72, 0x42, 0x72, 0x65, 0x61, 0x64,
    0x63, 0x72, 0x75, 0x6D, 0x62, 0x28, 0x29, 0x20, 0x7B, 0x0D, 0x0A, 0x20,
    0x20, 0x69, 0x66, 0x20, 0x28, 0x21, 0x65, 0x6C, 0x2E, 0x66, 0x73, 0x42,
    0x72, 0x65, 0x61, 0x64, 0x63, 0x72, 0x75, 0x6D, 0x62, 0x29, 0x20, 0x72,
    0x65, 0x74, 0x75, 0x72, 0x6E, 0x3B, 0x0D, 0x0A, 0x20, 0x20, 0x65, 0x6C,
    0x2E, 0x66, 0x73, 0x42, 0x72, 0x65, 0x61, 0x64, 0x63, 0x72, 0x75, 0x6D,
    0x62, 0x2E, 0x69, 0x6E, 0x6E, 0x65, 0x72, 0x48, 0x54, 0x4D, 0x4C, 0x20,
    0x3D, 0x20, 0x27, 0x27, 0x3B, 0x0D, 0x0A, 0x0D, 0x0A, 0x20, 0x20, 0x63,
    0x6F, 0x6E, 0x73, 0x74, 0x20, 0x72, 0x6F, 0x6F, 0x74, 0x45, 0x6C, 0x20,
    0x3D, 0x20, 0x64, 0x6F, 0x63, 0x75, 0x6D, 0x65, 0x6E, 0x74, 0x2E, 0x63,
    0x72, 0x65, 0x61, 0x74, 0x65, 0x45, 0x6C, 0x65, 0x6D, 0x65, 0x6E, 0x74,
    0x28, 0x27, 0x73, 0x70, 0x61, 0x6E, 0x27, 0x29, 0x3B, 0x0D, 0x0A, 0x20,
    0x20, 0x72, 0x6F, 0x6F, 0x74, 0x45, 0x6C, 0x2E, 0x63, 0x6C, 0x61, 0x73,
    0x73, 0x4E, 0x61, 0x6D, 0x65, 0x20, 0x3D, 0x20, 0x27, 0x66, 0x73, 0x2D,
    0x63, 0x72, 0x75, 0x6D, 0x62, 0x27, 0x3B, 0x0D, 0x0A, 0x20, 0x20, 0x72,
    0x6F, 0x6F, 0x74, 0x45, 0x6C, 0x2E, 0x74, 0x65, 0x78, 0x74, 0x43, 0x6F,
    0x6E, 0x74, 0x65, 0x6E, 0x74, 0x20, 0x3D, 0x20, 0x27, 0x2F, 0x27, 0x3B,
    0x0D, 0x0A, 0x20, 0x20, 0x72, 0x6F, 0x6F, 0x74, 0x45, 0x6C, 0x2E, 0x61,
    0x64, 0x64, 0x45, 0x76, 0x65, 0x6E, 0x74, 0x4C, 0x69, 0x73, 0x74, 0x65,
    0x6E, 0x65, 0x72, 0x28, 0x27, 0x63, 0x6C, 0x69, 0x63, 0x6B, 0x27, 0x2C,
    0x20, 0x28, 0x29, 0x20, 0x3D, 0x3E, 0x20, 0x7B, 0x0D, 0x0A, 0x20, 0x20,
    0x20, 0x20, 0x66, 0x73, 0x50, 0x61, 0x74, 0x68, 0x53, 0x65, 0x67, 0x6D,
    0x65, 0x6E, 0x74, 0x73, 0x20, 0x3D, 0x20, 0x5B, 0x5D, 0x3B, 0x0D, 0x0A,
    0x20, 0x20, 0x20, 0x20, 0x66, 0x73, 0x52, 0x65, 0x66, 0x72, 0x65, 0x73,
    0x68, 0x4C, 0x69, 0x73, 0x74, 0x28, 0x29, 0x3B, 0x0D, 0x0A, 0x20, 0x20,
    0x7D, 0x29, 0x3B, 0x0D, 0x0A, 0x20, 0x20, 0x65, 0x6C, 0x2E, 0x66, 0x73,
    0x42, 0x72, 0x65, 0x61, 0x64, 0x63, 0x72, 0x75, 0x6D, 0x62, 0x2E, 0x61,
    0x70, 0x70, 0x65, 0x6E, 0x64, 0x43, 0x68, 0x69, 0x6C, 0x64, 0x28, 0x72,
    0x6F, 0x6F, 0x74, 0x45, 0x6C, 0x29, 0x3B, 0x0D, 0x0A, 0x0D, 0x0A, 0x20,
    0x20, 0x66, 0x6F, 0x72, 0x20, 0x28, 0x6C, 0x65, 0x74, 0x20, 0x69, 0x20,
    0x3D, 0x20, 0x30, 0x3B, 0x20, 0x69, 0x20, 0x3C, 0x20, 0x66, 0x73, 0x50,
    0x61, 0x74, 0x68, 0x53, 0x65, 0x67, 0x6D, 0x65, 0x6E, 0x74, 0x73, 0x2E,
    0x6C, 0x65, 0x6E, 0x67, 0x74, 0x68, 0x3B, 0x20, 0x69, 0x2B, 0x2B, 0x29,
    0x20, 0x7B, 0x0D, 0x0A, 0x20, 0x20, 0x20, 0x20, 0x63, 0x6F, 0x6E, 0x73,
    0x74, 0x20, 0x73, 0x65, 0x70, 0x20, 0x3D, 0x20, 0x64, 0x6F, 0x63, 0x75,
    0x6D, 0x65, 0x6E, 0x74, 0x2E, 0x63, 0x72, 0x65, 0x61, 0x74, 0x65, 0x45,
    0x6C, 0x65, 0x6D, 0x65, 0x6E, 0x74, 0x28, 0x27, 0x73, 0x70, 0x61, 0x6E,
    0x27, 0x29, 0x3B, 0x0D, 0x0A, 0x20, 0x20, 0x20, 0x20, 0x73, 0x65, 0x70,
    0x2E, 0x63, 0x6C, 0x61, 0x73, 0x73, 0x4E, 0x61, 0x6D, 0x65, 0x20, 0x3D,
    0x20, 0x27, 0x66, 0x73, 0x2D, 0x63, 0x72, 0x75, 0x6D, 0x62, 0x2D, 0x73,
    0x65, 0x70, 0x27, 0x3B, 0x0D, 0x0A, 0x20, 0x20, 0x20, 0x20, 0x73, 0x65,
    0x70, 0x2E, 0x74, 0x65, 0x78, 0x74, 0x43, 0x6F, 0x6E, 0x74, 0x65, 0x6E,
    0x74, 0x20, 0x3D, 0x20, 0x27, 0x20, 0x3E, 0x20, 0x27, 0x3B, 0x0D, 0x0A,
    0x20, 0x20, 0x20, 0x20, 0x65, 0x6C, 0x2E, 0x66, 0x73, 0x42, 0x72, 0x65,
    0x61, 0x64, 0x63, 0x72, 0x75, 0x6D, 0x62, 0x2E, 0x61, 0x70, 0x70, 0x65,
    0x6E, 0x64, 0x43, 0x68, 0x69, 0x6C, 0x64, 0x28, 0x73, 0x65, 0x70, 0x29,
    0x3B, 0x0D, 0x0A, 0x0D, 0x0A, 0x20, 0x20, 0x20, 0x20, 0x63, 0x6F, 0x6E,
    0x73, 0x74, 0x20, 0x63, 0x72, 0x75, 0x6D, 0x62, 0x20, 0x3D, 0x20, 0x64,
    0x6F, 0x63, 0x75, 0x6D, 0x65, 0x6E, 0x74, 0x2E, 0x63, 0x72, 0x65, 0x61,
    0x74, 0x65, 0x45, 0x6C, 0x65, 0x6D, 0x65, 0x6E, 0x74, 0x28, 0x27, 0x73,
    0x70, 0x61, 0x6E, 0x27, 0x29, 0x3B, 0x0D, 0x0A, 0x20, 0x20, 0x20, 0x20,
    0x63, 0x72, 0x75, 0x6D, 0x62, 0x2E, 0x63, 0x6C, 0x61, 0x73, 0x73, 0x4E,
    0x61, 0x6D, 0x65, 0x20, 0x3D, 0x20, 0x27, 0x66, 0x73, 0x2D, 0x63, 0x72,
    0x75, 0x6D, 0x62, 0x27, 0x3B, 0x0D, 0x0A, 0x20, 0x20, 0x20, 0x20, 0x63,
    0x72, 0x75, 0x6D, 0x62, 0x2E, 0x74, 0x65, 0x78, 0x74, 0x43, 0x6F, 0x6E,
    0x74, 0x65, 0x6E, 0x74, 0x20, 0x3D, 0x20, 0x66, 0x73, 0x50, 0x61, 0x74,
    0x68, 0x53, 0x65, 0x67, 0x6D, 0x65, 0x6E, 0x74, 0x73, 0x5B, 0x69, 0x5D,
    0x3B, 0x0D, 0x0A, 0x20, 0x20, 0x20, 0x20, 0x63, 0x6F, 0x6E, 0x73, 0x74,
    0x20, 0x64, 0x65, 0x70, 0x74, 0x68, 0x20, 0x3D, 0x20, 0x69, 0x20, 0x2B,
    0x20, 0x31, 0x3B, 0x0D, 0x0A, 0x20, 0x20, 0x20, 0x20, 0x63, 0x72, 0x75,
    0x6D, 0x62, 0x2E, 0x61, 0x64, 0x64, 0x45, 0x76, 0x65, 0x6E, 0x74, 0x4C,
    0x69, 0x73, 0x74, 0x65, 0x6E, 0x65, 0x72, 0x28, 0x27, 0x63, 0x6C, 0x69,
    0x63, 0x6B, 0x27, 0x2C, 0x20, 0x28, 0x29, 0x20, 0x3D, 0x3E, 0x20, 0x7B,
    0x0D, 0x0A, 0x20, 0x20, 0x20, 0x20, 0x20, 0x20, 0x66, 0x73, 0x50, 0x61,
    0x74, 0x68, 0x53, 0x65, 0x67, 0x6D, 0x65, 0x6E, 0x74, 0x73, 0x20, 0x3D,
    0x20, 0x66, 0x73, 0x50, 0x61, 0x74, 0x68, 0x53, 0x65, 0x67, 0x6D, 0x65,
    0x6E, 0x74, 0x73, 0x2E, 0x73, 0x6C, 0x69, 0x63, 0x65, 0x28, 0x30, 0x2C,
    0x20, 0x64, 0x65, 0x70, 0x74, 0x68, 0x29, 0x3B, 0x0D, 0x0A, 0x20, 0x20,
    0x20, 0x20, 0x20, 0x20, 0x66, 0x73, 0x52, 0x65, 0x66, 0x72, 0x65, 0x73,
    0x68, 0x4C, 0x69, 0x73, 0x74, 0x28, 0x29, 0x3B, 0x0D, 0x0A, 0x20, 0x20,
    0x20, 0x20, 0x7D, 0x29, 0x3B, 0x0D, 0x0A, 0x20, 0x20, 0x20, 0x20, 0x65,
    0x6C, 0x2E, 0x66, 0x73, 0x42, 0x72, 0x65, 0x61, 0x64, 0x63, 0x72, 0x75,
    0x6D, 0x62, 0x2E, 0x61, 0x70, 0x70, 0x65, 0x6E, 0x64, 0x43, 0x68, 0x69,
    0x6C, 0x64, 0x28, 0x63, 0x72, 0x75, 0x6D, 0x62, 0x29, 0x3B, 0x0D, 0x0A,
    0x20, 0x20, 0x7D, 0x0D, 0x0A, 0x7D, 0x0D, 0x0A, 0x0D, 0x0A, 0x2F, 0x2A,
    0x20, 0xE2, 0x94, 0x80, 0xE2, 0x94, 0x80, 0xE2, 0x94, 0x80, 0xE2, 0x94,
    0x80, 0xE2, 0x94, 0x80, 0xE2, 0x94, 0x80, 0xE2, 0x94, 0x80, 0xE2, 0x94,
    0x80, 0xE2, 0x94, 0x80, 0xE2, 0x94, 0x80, 0xE2, 0x94, 0x80, 0xE2, 0x94,
    0x80, 0xE2, 0x94, 0x80, 0xE2, 0x94, 0x80, 0xE2, 0x94, 0x80, 0xE2, 0x94,
    0x80, 0xE2, 0x94, 0x80, 0xE2, 0x94, 0x80, 0xE2, 0x94, 0x80, 0xE2, 0x94,
    0x80, 0xE2, 0x94, 0x80, 0xE2, 0x94, 0x80, 0xE2, 0x94, 0x80, 0xE2, 0x94,
    0x80, 0xE2, 0x94, 0x80, 0xE2, 0x94, 0x80, 0xE2, 0x94, 0x80, 0xE2, 0x94,
    0x80, 0xE2, 0x94, 0x80, 0xE2, 0x94, 0x80, 0xE2, 0x94, 0x80, 0xE2, 0x94,
    0x80, 0xE2, 0x94, 0x80, 0xE2, 0x94, 0x80, 0xE2, 0x94, 0x80, 0xE2, 0x94,
    0x80, 0xE2, 0x94, 0x80, 0xE2, 0x94, 0x80, 0xE2, 0x94, 0x80, 0xE2, 0x94,
    0x80, 0xE2, 0x94, 0x80, 0xE2, 0x94, 0x80, 0xE2, 0x94, 0x80, 0xE2, 0x94,
    0x80, 0xE2, 0x94, 0x80, 0x0D, 0x0A, 0x20, 0x2A, 0x20, 0xED, 0x8C, 0x8C,
    0xEC, 0x9D, 0xBC, 0x20, 0xEC, 0x84, 0xA0, 0xED, 0x83, 0x9D, 0x20, 0x28,
    0xEB, 0x82, 0xB4, 0xEC, 0x9A, 0xA9, 0x20, 0xEC, 0x9D, 0xBD, 0xEA, 0xB8,
    0xB0, 0x20, 0xEC, 0x97, 0x86, 0xEC, 0x9D, 0x8C, 0x29, 0x0D, 0x0A, 0x20,
    0x2A, 0x20, 0xE2, 0x94, 0x80, 0xE2, 0x94, 0x80, 0xE2, 0x94, 0x80, 0xE2,
    0x94, 0x80, 0xE2, 0x94, 0x80, 0xE2, 0x94, 0x80, 0xE2, 0x94, 0x80, 0xE2,
    0x94, 0x80, 0xE2, 0x94, 0x80, 0xE2, 0x94, 0x80, 0xE2, 0x94, 0x80, 0xE2,
    0x94, 0x80, 0xE2, 0x94, 0x80, 0xE2, 0x94, 0x80, 0xE2, 0x94, 0x80, 0xE2,
    0x94, 0x80, 0xE2, 0x94, 0x80, 0xE2, 0x94, 0x80, 0xE2, 0x94, 0x80, 0xE2,
    0x94, 0x80, 0xE2, 0x94, 0x80, 0xE2, 0x94, 0x80, 0xE2, 0x94, 0x80, 0xE2,
    0x94, 0x80, 0xE2, 0x94, 0x80, 0xE2, 0x94, 0x80, 0xE2, 0x94, 0x80, 0xE2,
    0x94, 0x80, 0xE2, 0x94, 0x80, 0xE2, 0x94, 0x80, 0xE2, 0x94, 0x80, 0xE2,
    0x94, 0x80, 0xE2, 0x94, 0x80, 0xE2, 0x94, 0x80, 0xE2, 0x94, 0x80, 0xE2,
    0x94, 0x80, 0xE2, 0x94, 0x80, 0xE2, 0x94, 0x80, 0xE2, 0x94, 0x80, 0xE2,
    0x94, 0x80, 0xE2, 0x94, 0x80, 0xE2, 0x94, 0x80, 0xE2, 0x94, 0x80, 0xE2,
    0x94, 0x80, 0xE2, 0x94, 0x80, 0x20, 0x2A, 0x2F, 0x0D, 0x0A, 0x66, 0x75,
    0x6E, 0x63, 0x74, 0x69, 0x6F, 0x6E, 0x20, 0x66, 0x73, 0x53, 0x65, 0x6C,
    0x65, 0x63, 0x74, 0x46, 0x69, 0x6C, 0x65, 0x28, 0x66, 0x75, 0x6C, 0x6C,
    0x50, 0x61, 0x74, 0x68, 0x29, 0x20, 0x7B, 0x0D, 0x0A, 0x20, 0x20, 0x66,
    0x73, 0x53, 0x65, 0x6C, 0x65, 0x63, 0x74, 0x65, 0x64, 0x46, 0x69, 0x6C,
    0x65, 0x20, 0x3D, 0x20, 0x66, 0x75, 0x6C, 0x6C, 0x50, 0x61, 0x74, 0x68,
    0x3B, 0x0D, 0x0A, 0x20, 0x20, 0x69, 0x66, 0x20, 0x28, 0x65, 0x6C, 0x2E,
    0x66, 0x73, 0x46, 0x69, 0x6C, 0x65, 0x4E, 0x61, 0x6D, 0x65, 0x29, 0x20,
    0x65, 0x6C, 0x2E, 0x66, 0x73, 0x46, 0x69, 0x6C, 0x65, 0x4E, 0x61, 0x6D,
    0x65, 0x2E, 0x74, 0x65, 0x78, 0x74, 0x43, 0x6F, 0x6E, 0x74, 0x65, 0x6E,
    0x74, 0x20, 0x3D, 0x20, 0x66, 0x75, 0x6C, 0x6C, 0x50, 0x61, 0x74, 0x68,
    0x3B, 0x0D, 0x0A, 0x20, 0x20, 0x69, 0x66, 0x20, 0x28, 0x65, 0x6C, 0x2E,
    0x66, 0x73, 0x45, 0x64, 0x69, 0x74, 0x6F, 0x72, 0x29, 0x20, 0x20, 0x20,
    0x65, 0x6C, 0x2E, 0x66, 0x73, 0x45, 0x64, 0x69, 0x74, 0x6F, 0x72, 0x2E,
    0x73, 0x74, 0x79, 0x6C, 0x65, 0x2E, 0x64, 0x69, 0x73, 0x70, 0x6C, 0x61,
    0x79, 0x20, 0x3D, 0x20, 0x27, 0x27, 0x3B, 0x0D, 0x0A, 0x7D, 0x0D, 0x0A,
    0x0D, 0x0A, 0x2F, 0x2A, 0x20, 0xE2, 0x94, 0x80, 0xE2, 0x94, 0x80, 0xE2,
    0x94, 0x80, 0xE2, 0x94, 0x80, 0xE2, 0x94, 0x80, 0xE2, 0x94, 0x80, 0xE2,
    0x94, 0x80, 0xE2, 0x94, 0x80, 0xE2, 0x94, 0x80, 0xE2, 0x94, 0x80, 0xE2,
    0x94, 0x80, 0xE2, 0x94, 0x80, 0xE2, 0x94, 0x80, 0xE2, 0x94, 0x80, 0xE2,
    0x94, 0x80, 0xE2, 0x94, 0x80, 0xE2, 0x94, 0x80, 0xE2, 0x94, 0x80, 0xE2,
    0x94, 0x80, 0xE2, 0x94, 0x80, 0xE2, 0x94, 0x80, 0xE2, 0x94, 0x80, 0xE2,
    0x94, 0x80, 0xE2, 0x94, 0x80, 0xE2, 0x94, 0x80, 0xE2, 0x94, 0x80, 0xE2,
    0x94, 0x80, 0xE2, 0x94, 0x80, 0xE2, 0x94, 0x80, 0xE2, 0x94, 0x80, 0xE2,
    0x94, 0x80, 0xE2, 0x94, 0x80, 0xE2, 0x94, 0x80, 0xE2, 0x94, 0x80, 0xE2,
    0x94, 0x80, 0xE2, 0x94, 0x80, 0xE2, 0x94, 0x80, 0xE2, 0x94, 0x80, 0xE2,
    0x94, 0x80, 0xE2, 0x94, 0x80, 0xE2, 0x94, 0x80, 0xE2, 0x94, 0x80, 0xE2,
    0x94, 0x80, 0xE2, 0x94, 0x80, 0xE2, 0x94, 0x80, 0x0D, 0x0A, 0x20, 0x2A,
    0x20, 0xED, 0x8C, 0x8C, 0xEC, 0x9D, 0xBC, 0x20, 0xEB, 0xAA, 0xA9, 0xEB,
    0xA1, 0x9D, 0x20, 0xEB, 0xA0, 0x8C, 0xEB, 0x8D, 0x94, 0xEB, 0xA7, 0x81,
    0x0D, 0x0A, 0x20, 0x2A, 0x20, 0xE2, 0x94, 0x80, 0xE2, 0x94, 0x80, 0xE2,
    0x94, 0x80, 0xE2, 0x94, 0x80, 0xE2, 0x94, 0x80, 0xE2, 0x94, 0x80, 0xE2,
    0x94, 0x80, 0xE2, 0x94, 0x80, 0xE2, 0x94, 0x80, 0xE2, 0x94, 0x80, 0xE2,
    0x94, 0x80, 0xE2, 0x94, 0x80, 0xE2, 0x94, 0x80, 0xE2, 0x94, 0x80, 0xE2,
    0x94, 0x80, 0xE2, 0x94, 0x80, 0xE2, 0x94, 0x80, 0xE2, 0x94, 0x80, 0xE2,
    0x94, 0x80, 0xE2, 0x94, 0x80, 0xE2, 0x94, 0x80, 0xE2, 0x94, 0x80, 0xE2,
    0x94, 0x80, 0xE2, 0x94, 0x80, 0xE2, 0x94, 0x80, 0xE2, 0x94, 0x80, 0xE2,
    0x94, 0x80, 0xE2, 0x94, 0x80, 0xE2, 0x94, 0x80, 0xE2, 0x94, 0x80, 0xE2,
    0x94, 0x80, 0xE2, 0x94, 0x80, 0xE2, 0x94, 0x80, 0xE2, 0x94, 0x80, 0xE2,
    0x94, 0x80, 0xE2, 0x94, 0x80, 0xE2, 0x94, 0x80, 0xE2, 0x94, 0x80, 0xE2,
    0x94, 0x80, 0xE2, 0x94, 0x80, 0xE2, 0x94, 0x80, 0xE2, 0x94, 0x80, 0xE2,
    0x94, 0x80, 0xE2, 0x94, 0x80, 0xE2, 0x94, 0x80, 0x20, 0x2A, 0x2F, 0x0D,
    0x0A, 0x66, 0x75, 0x6E, 0x63, 0x74, 0x69, 0x6F, 0x6E, 0x20, 0x72, 0x65,
    0x6E, 0x64, 0x65, 0x72, 0x46, 0x69, 0x6C, 0x65, 0x4C, 0x69, 0x73, 0x74,
    0x28, 0x6C, 0x69, 0x6E, 0x65, 0x73, 0x29, 0x20, 0x7B, 0x0D, 0x0A, 0x20,
    0x20, 0x69, 0x66, 0x20, 0x28, 0x21, 0x65, 0x6C, 0x2E, 0x66, 0x73, 0x46,
    0x69, 0x6C, 0x65, 0x4C, 0x69, 0x73, 0x74, 0x29, 0x20, 0x72, 0x65, 0x74,
    0x75, 0x72, 0x6E, 0x3B, 0x0D, 0x0A, 0x20, 0x20, 0x65, 0x6C, 0x2E, 0x66,
    0x73, 0x46, 0x69, 0x6C, 0x65, 0x4C, 0x69, 0x73, 0x74, 0x2E, 0x69, 0x6E,
    0x6E, 0x65, 0x72, 0x48, 0x54, 0x4D, 0x4C, 0x20, 0x3D, 0x20, 0x27, 0x27,
    0x3B, 0x0D, 0x0A, 0x0D, 0x0A, 0x20, 0x20, 0x63, 0x6F, 0x6E, 0x73, 0x74,
    0x20, 0x70, 0x61, 0x72, 0x73, 0x65, 0x64, 0x20, 0x3D, 0x20, 0x6C, 0x69,
    0x6E, 0x65, 0x73, 0x0D, 0x0A, 0x20, 0x20, 0x20, 0x20, 0x2E, 0x66, 0x69,
    0x6C, 0x74, 0x65, 0x72, 0x28, 0x6C, 0x20, 0x3D, 0x3E, 0x20, 0x6C, 0x2E,
    0x74, 0x72, 0x69, 0x6D, 0x28, 0x29, 0x29, 0x0D, 0x0A, 0x20, 0x20, 0x20,
    0x20, 0x2E, 0x6D, 0x61, 0x70, 0x28, 0x6C, 0x69, 0x6E, 0x65, 0x20, 0x3D,
    0x3E, 0x20, 0x7B, 0x0D, 0x0A, 0x20, 0x20, 0x20, 0x20, 0x20, 0x20, 0x63,
    0x6F, 0x6E, 0x73, 0x74, 0x20, 0x70, 0x61, 0x72, 0x74, 0x73, 0x20, 0x3D,
    0x20, 0x6C, 0x69, 0x6E, 0x65, 0x2E, 0x73, 0x70, 0x6C, 0x69, 0x74, 0x28,
    0x27, 0x2C, 0x27, 0x29, 0x3B, 0x0D, 0x0A, 0x20, 0x20, 0x20, 0x20, 0x20,
    0x20, 0x69, 0x66, 0x20, 0x28, 0x70, 0x61, 0x72, 0x74, 0x73, 0x2E, 0x6C,
    0x65, 0x6E, 0x67, 0x74, 0x68, 0x20, 0x3C, 0x20, 0x33, 0x29, 0x20, 0x72,
    0x65, 0x74, 0x75, 0x72, 0x6E, 0x20, 0x6E, 0x75, 0x6C, 0x6C, 0x3B, 0x0D,
    0x0A, 0x20, 0x20, 0x20, 0x20, 0x20, 0x20, 0x72, 0x65, 0x74, 0x75, 0x72,
    0x6E, 0x20, 0x7B, 0x0D, 0x0A, 0x20, 0x20, 0x20, 0x20, 0x20, 0x20, 0x20,
    0x20, 0x6E, 0x61, 0x6D, 0x65, 0x3A, 0x20, 0x70, 0x61, 0x72, 0x74, 0x73,
    0x5B, 0x30, 0x5D, 0x2C, 0x0D, 0x0A, 0x20, 0x20, 0x20, 0x20, 0x20, 0x20,
    0x20, 0x20, 0x73, 0x69, 0x7A, 0x65, 0x3A, 0x20, 0x70, 0x61, 0x72, 0x73,
    0x65, 0x49, 0x6E, 0x74, 0x28, 0x70, 0x61, 0x72, 0x74, 0x73, 0x5B, 0x31,
    0x5D, 0x2C, 0x20, 0x31, 0x30, 0x29, 0x2C, 0x0D, 0x0A, 0x20, 0x20, 0x20,
    0x20, 0x20, 0x20, 0x20, 0x20, 0x74, 0x79, 0x70, 0x65, 0x3A, 0x20, 0x70,
    0x61, 0x72, 0x74, 0x73, 0x5B, 0x32, 0x5D, 0x2E, 0x74, 0x72, 0x69, 0x6D,
    0x28, 0x29, 0x0D, 0x0A, 0x20, 0x20, 0x20, 0x20, 0x20, 0x20, 0x7D, 0x3B,
    0x0D, 0x0A, 0x20, 0x20, 0x20, 0x20, 0x7D, 0x29, 0x0D, 0x0A, 0x20, 0x20,
    0x20, 0x20, 0x2E, 0x66, 0x69, 0x6C, 0x74, 0x65, 0x72, 0x28, 0x42, 0x6F,
    0x6F, 0x6C, 0x65, 0x61, 0x6E, 0x29, 0x0D, 0x0A, 0x20, 0x20, 0x20, 0x20,
    0x2E, 0x73, 0x6F, 0x72, 0x74, 0x28, 0x28, 0x61, 0x2C, 0x20, 0x62, 0x29,
    0x20, 0x3D, 0x3E, 0x20, 0x7B, 0x0D, 0x0A, 0x20, 0x20, 0x20, 0x20, 0x20,
    0x20, 0x69, 0x66, 0x20, 0x28, 0x61, 0x2E, 0x74, 0x79, 0x70, 0x65, 0x20,
    0x3D, 0x3D, 0x3D, 0x20, 0x62, 0x2E, 0x74, 0x79, 0x70, 0x65, 0x29, 0x20,
    0x72, 0x65, 0x74, 0x75, 0x72, 0x6E, 0x20, 0x61, 0x2E, 0x6E, 0x61, 0x6D,
    0x65, 0x2E, 0x6C, 0x6F, 0x63, 0x61, 0x6C, 0x65, 0x43, 0x6F, 0x6D, 0x70,
    0x61, 0x72, 0x65, 0x28, 0x62, 0x2E, 0x6E, 0x61, 0x6D, 0x65, 0x29, 0x3B,
    0x0D, 0x0A, 0x20, 0x20, 0x20, 0x20, 0x20, 0x20, 0x72, 0x65, 0x74, 0x75,
    0x72, 0x6E, 0x20, 0x61, 0x2E, 0x74, 0x79, 0x70, 0x65, 0x20, 0x3D, 0x3D,
    0x3D, 0x20, 0x27, 0x44, 0x27, 0x20, 0x3F, 0x20, 0x2D, 0x31, 0x20, 0x3A,
    0x20, 0x31, 0x3B, 0x20, 0x20, 0x20, 0x2F, 0x2A, 0x20, 0xED, 0x8F, 0xB4,
    0xEB, 0x8D, 0x94, 0x20, 0xEB, 0xA8, 0xBC, 0xEC, 0xA0, 0x80, 0x20, 0x2A,
    0x2F, 0x0D, 0x0A, 0x20, 0x20, 0x20, 0x20, 0x7D, 0x29, 0x3B, 0x0D, 0x0A,
    0x0D, 0x0A, 0x20, 0x20, 0x69, 0x66, 0x20, 0x28, 0x70, 0x61, 0x72, 0x73,
    0x65, 0x64, 0x2E, 0x6C, 0x65, 0x6E, 0x67, 0x74, 0x68, 0x20, 0x3D, 0x3D,
    0x3D, 0x20, 0x30, 0x29, 0x20, 0x7B, 0x0D, 0x0A, 0x20, 0x20, 0x20, 0x20,
    0x65, 0x6C, 0x2E, 0x66, 0x73, 0x46, 0x69, 0x6C, 0x65, 0x4C, 0x69, 0x73,
    0x74, 0x2E, 0x69, 0x6E, 0x6E, 0x65, 0x72, 0x48, 0x54, 0x4D, 0x4C, 0x20,
    0x3D, 0x0D, 0x0A, 0x20, 0x20, 0x20, 0x20, 0x20, 0x20, 0x27, 0x3C, 0x64,
    0x69, 0x76, 0x20, 0x73, 0x74, 0x79, 0x6C, 0x65, 0x3D, 0x22, 0x70, 0x61,
    0x64, 0x64, 0x69, 0x6E, 0x67, 0x3A, 0x38, 0x70, 0x78, 0x3B, 0x63, 0x6F,
    0x6C, 0x6F, 0x72, 0x3A, 0x23, 0x38, 0x38, 0x38, 0x3B, 0x66, 0x6F, 0x6E,
    0x74, 0x2D, 0x73, 0x69, 0x7A, 0x65, 0x3A, 0x31, 0x33, 0x70, 0x78, 0x3B,
    0x22, 0x3E, 0x45, 0x6D, 0x70, 0x74, 0x79, 0x3C, 0x2F, 0x64, 0x69, 0x76,
    0x3E, 0x27, 0x3B, 0x0D, 0x0A, 0x20, 0x20, 0x20, 0x20, 0x72, 0x65, 0x74,
    0x75, 0x72, 0x6E, 0x3B, 0x0D, 0x0A, 0x20, 0x20, 0x7D, 0x0D, 0x0A, 0x0D,
    0x0A, 0x20, 0x20, 0x66, 0x6F, 0x72, 0x20, 0x28, 0x63, 0x6F, 0x6E, 0x73,
    0x74, 0x20, 0x65, 0x6E, 0x74, 0x72, 0x79, 0x20, 0x6F, 0x66, 0x20, 0x70,
    0x61, 0x72, 0x73, 0x65, 0x64, 0x29, 0x20, 0x7B, 0x0D, 0x0A, 0x20, 0x20,
    0x20, 0x20, 0x63, 0x6F, 0x6E, 0x73, 0x74, 0x20, 0x7B, 0x20, 0x6E, 0x61,
    0x6D, 0x65, 0x2C, 0x20, 0x73, 0x69, 0x7A, 0x65, 0x2C, 0x20, 0x74, 0x79,
    0x70, 0x65, 0x20, 0x7D, 0x20, 0x3D, 0x20, 0x65, 0x6E, 0x74, 0x72, 0x79,
    0x3B, 0x0D, 0x0A, 0x20, 0x20, 0x20, 0x20, 0x63, 0x6F, 0x6E, 0x73, 0x74,
    0x20, 0x69, 0x73, 0x44, 0x69, 0x72, 0x20, 0x3D, 0x20, 0x74, 0x79, 0x70,
    0x65, 0x20, 0x3D, 0x3D, 0x3D, 0x20, 0x27, 0x44, 0x27, 0x3B, 0x0D, 0x0A,
    0x20, 0x20, 0x20, 0x20, 0x63, 0x6F, 0x6E, 0x73, 0x74, 0x20, 0x64, 0x69,
    0x73, 0x70, 0x6C, 0x61, 0x79, 0x4E, 0x61, 0x6D, 0x65, 0x20, 0x3D, 0x20,
    0x69, 0x73, 0x44, 0x69, 0x72, 0x20, 0x3F, 0x20, 0x6E, 0x61, 0x6D, 0x65,
    0x2E, 0x72, 0x65, 0x70, 0x6C, 0x61, 0x63, 0x65, 0x28, 0x2F, 0x5C, 0x2F,
    0x24, 0x2F, 0x2C, 0x20, 0x27, 0x27, 0x29, 0x20, 0x3A, 0x20, 0x6E, 0x61,
    0x6D, 0x65, 0x3B, 0x0D, 0x0A, 0x0D, 0x0A, 0x20, 0x20, 0x20, 0x20, 0x63,
    0x6F, 0x6E, 0x73, 0x74, 0x20, 0x69, 0x74, 0x65, 0x6D, 0x20, 0x3D, 0x20,
    0x64, 0x6F, 0x63, 0x75, 0x6D, 0x65, 0x6E, 0x74, 0x2E, 0x63, 0x72, 0x65,
    0x61, 0x74, 0x65, 0x45, 0x6C, 0x65, 0x6D, 0x65, 0x6E, 0x74, 0x28, 0x27,
    0x64, 0x69, 0x76, 0x27, 0x29, 0x3B, 0x0D, 0x0A, 0x20, 0x20, 0x20, 0x20,
    0x69, 0x74, 0x65, 0x6D, 0x2E, 0x63, 0x6C, 0x61, 0x73, 0x73, 0x4E, 0x61,
    0x6D, 0x65, 0x20, 0x3D, 0x20, 0x27, 0x66, 0x73, 0x2D, 0x66, 0x69, 0x6C,
    0x65, 0x2D, 0x69, 0x74, 0x65, 0x6D, 0x27, 0x20, 0x2B, 0x20, 0x28, 0x69,
    0x73, 0x44, 0x69, 0x72, 0x20, 0x3F, 0x20, 0x27, 0x20, 0x66, 0x73, 0x2D,
    0x64, 0x69, 0x72, 0x2D, 0x69, 0x74, 0x65, 0x6D, 0x27, 0x20, 0x3A, 0x20,
    0x27, 0x27, 0x29, 0x3B, 0x0D, 0x0A, 0x0D, 0x0A, 0x20, 0x20, 0x20, 0x20,
    0x63, 0x6F, 0x6E, 0x73, 0x74, 0x20, 0x6E, 0x61, 0x6D, 0x65, 0x45, 0x6C,
    0x20, 0x3D, 0x20, 0x64, 0x6F, 0x63, 0x75, 0x6D, 0x65, 0x6E, 0x74, 0x2E,
    0x63, 0x72, 0x65, 0x61, 0x74, 0x65, 0x45, 0x6C, 0x65, 0x6D, 0x65, 0x6E,
    0x74, 0x28, 0x27, 0x73, 0x70, 0x61, 0x6E, 0x27, 0x29, 0x3B, 0x0D, 0x0A,
    0x20, 0x20, 0x20, 0x20, 0x6E, 0x61, 0x6D, 0x65, 0x45, 0x6C, 0x2E, 0x63,
    0x6C, 0x61, 0x73, 0x73, 0x4E, 0x61, 0x6D, 0x65, 0x20, 0x3D, 0x20, 0x27,
    0x66, 0x73, 0x2D, 0x66, 0x69, 0x6C, 0x65, 0x2D, 0x6E, 0x61, 0x6D, 0x65,
    0x27, 0x3B, 0x0D, 0x0A, 0x20, 0x20, 0x20, 0x20, 0x6E, 0x61, 0x6D, 0x65,
    0x45, 0x6C, 0x2E, 0x74, 0x65, 0x78, 0x74, 0x43, 0x6F, 0x6E, 0x74, 0x65,
    0x6E, 0x74, 0x20, 0x3D, 0x20, 0x28, 0x69, 0x73, 0x44, 0x69, 0x72, 0x20,
    0x3F, 0x20, 0x27, 0xF0, 0x9F, 0x93, 0x81, 0x20, 0x27, 0x20, 0x3A, 0x20,
    0x27, 0xF0, 0x9F, 0x93, 0x84, 0x20, 0x27, 0x29, 0x20, 0x2B, 0x20, 0x64,
    0x69, 0x73, 0x70, 0x6C, 0x61, 0x79, 0x4E, 0x61, 0x6D, 0x65, 0x3B, 0x0D,
    0x0A, 0x20, 0x20, 0x20, 0x20, 0x69, 0x74, 0x65, 0x6D, 0x2E, 0x61, 0x70,
    0x70, 0x65, 0x6E, 0x64, 0x43, 0x68, 0x69, 0x6C, 0x64, 0x28, 0x6E, 0x61,
    0x6D, 0x65, 0x45, 0x6C, 0x29, 0x3B, 0x0D, 0x0A, 0x0D, 0x0A, 0x20, 0x20,
    0x20, 0x20, 0x69, 0x66, 0x20, 0x28, 0x21, 0x69, 0x73, 0x44, 0x69, 0x72,
    0x29, 0x20, 0x7B, 0x0D, 0x0A, 0x20, 0x20, 0x20, 0x20, 0x20, 0x20, 0x2F,
    0x2A, 0x20, 0xED, 0x8C, 0x8C, 0xEC, 0x9D, 0xBC, 0x20, 0xED, 0x81, 0xAC,
    0xEA, 0xB8, 0xB0, 0x3A, 0x20, 0x42, 0x20, 0x2F, 0x20, 0x4B, 0x42, 0x20,
    0x2F, 0x20, 0x4D, 0x42, 0x20, 0xEC, 0x9E, 0x90, 0xEB, 0x8F, 0x99, 0x20,
    0xEB, 0x8B, 0xA8, 0xEC, 0x9C, 0x84, 0x20, 0x2A, 0x2F, 0x0D, 0x0A, 0x20,
    0x20, 0x20, 0x20, 0x20, 0x20, 0x63, 0x6F, 0x6E, 0x73, 0x74, 0x20, 0x73,
    0x69, 0x7A, 0x65, 0x45, 0x6C, 0x20, 0x3D, 0x20, 0x64, 0x6F, 0x63, 0x75,
    0x6D, 0x65, 0x6E, 0x74, 0x2E, 0x63, 0x72, 0x65, 0x61, 0x74, 0x65, 0x45,
    0x6C, 0x65, 0x6D, 0x65, 0x6E, 0x74, 0x28, 0x27, 0x73, 0x70, 0x61, 0x6E,
    0x27, 0x29, 0x3B, 0x0D, 0x0A, 0x20, 0x20, 0x20, 0x20, 0x20, 0x20, 0x73,
    0x69, 0x7A, 0x65, 0x45, 0x6C, 0x2E, 0x63, 0x6C, 0x61, 0x73, 0x73, 0x4E,
    0x61, 0x6D, 0x65, 0x20, 0x3D, 0x20, 0x27, 0x66, 0x73, 0x2D, 0x66, 0x69,
    0x6C, 0x65, 0x2D, 0x73, 0x69, 0x7A, 0x65, 0x27, 0x3B, 0x0D, 0x0A, 0x20,
    0x20, 0x20, 0x20, 0x20, 0x20, 0x73, 0x69, 0x7A, 0x65, 0x45, 0x6C, 0x2E,
    0x74, 0x65, 0x78, 0x74, 0x43, 0x6F, 0x6E, 0x74, 0x65, 0x6E, 0x74, 0x20,
    0x3D, 0x20, 0x66, 0x6F, 0x72, 0x6D, 0x61, 0x74, 0x46, 0x69, 0x6C, 0x65,
    0x53, 0x69, 0x7A, 0x65, 0x28, 0x73, 0x69, 0x7A, 0x65, 0x29, 0x3B, 0x0D,
    0x0A, 0x20, 0x20, 0x20, 0x20, 0x20, 0x20, 0x69, 0x74, 0x65, 0x6D, 0x2E,
    0x61, 0x70, 0x70, 0x65, 0x6E, 0x64, 0x43, 0x68, 0x69, 0x6C, 0x64, 0x28,
    0x73, 0x69, 0x7A, 0x65, 0x45, 0x6C, 0x29, 0x3B, 0x0D, 0x0A, 0x0D, 0x0A,
    0x20, 0x20, 0x20, 0x20, 0x20, 0x20, 0x69, 0x74, 0x65, 0x6D, 0x2E, 0x61,
    0x64, 0x64, 0x45, 0x76, 0x65, 0x6E, 0x74, 0x4C, 0x69, 0x73, 0x74, 0x65,
    0x6E, 0x65, 0x72, 0x28, 0x27, 0x63, 0x6C, 0x69, 0x63, 0x6B, 0x27, 0x2C,
    0x20, 0x28, 0x29, 0x20, 0x3D, 0x3E, 0x20, 0x7B, 0x0D, 0x0A, 0x20, 0x20,
    0x20, 0x20, 0x20, 0x20, 0x20, 0x20, 0x64, 0x6F, 0x63, 0x75, 0x6D, 0x65,
    0x6E, 0x74, 0x2E, 0x71, 0x75, 0x65, 0x72, 0x79, 0x53, 0x65, 0x6C, 0x65,
    0x63, 0x74, 0x6F, 0x72, 0x41, 0x6C, 0x6C, 0x28, 0x27, 0x2E, 0x66, 0x73,
    0x2D, 0x66, 0x69, 0x6C, 0x65, 0x2D, 0x69, 0x74, 0x65, 0x6D, 0x27, 0x29,
    0x2E, 0x66, 0x6F, 0x72, 0x45, 0x61, 0x63, 0x68, 0x28, 0x69, 0x20, 0x3D,
    0x3E, 0x20, 0x69, 0x2E, 0x63, 0x6C, 0x61, 0x73, 0x73, 0x4C, 0x69, 0x73,
    0x74, 0x2E, 0x72, 0x65, 0x6D, 0x6F, 0x76, 0x65, 0x28, 0x27, 0x73, 0x65,
    0x6C, 0x65, 0x63, 0x74, 0x65, 0x64, 0x27, 0x29, 0x29, 0x3B, 0x0D, 0x0A,
    0x20, 0x20, 0x20, 0x20, 0x20, 0x20, 0x20, 0x20, 0x69, 0x74, 0x65, 0x6D,
    0x2E, 0x63, 0x6C, 0x61, 0x73, 0x73, 0x4C, 0x69, 0x73, 0x74, 0x2E, 0x61,
    0x64, 0x64, 0x28, 0x27, 0x73, 0x65, 0x6C, 0x65, 0x63, 0x74, 0x65, 0x64,
    0x27, 0x29, 0x3B, 0x0D, 0x0A, 0x20, 0x20, 0x20, 0x20, 0x20, 0x20, 0x20,
    0x20, 0x66, 0x73, 0x53, 0x65, 0x6C, 0x65, 0x63, 0x74, 0x46, 0x69, 0x6C,
    0x65, 0x28, 0x67, 0x65, 0x74, 0x46, 0x75, 0x6C, 0x6C, 0x46, 0x69, 0x6C,
    0x65, 0x50, 0x61, 0x74, 0x68, 0x28, 0x6E, 0x61, 0x6D, 0x65, 0x29, 0x29,
    0x3B, 0x0D, 0x0A, 0x20, 0x20, 0x20, 0x20, 0x20, 0x20, 0x7D, 0x29, 0x3B,
    0x0D, 0x0A, 0x20, 0x20, 0x20, 0x20, 0x7D, 0x20, 0x65, 0x6C, 0x73, 0x65,
    0x20, 0x7B, 0x0D, 0x0A, 0x20, 0x20, 0x20, 0x20, 0x20, 0x20, 0x2F, 0x2A,
    0x20, 0xED, 0x8F, 0xB4, 0xEB, 0x8D, 0x94, 0x20, 0xED, 0x81, 0xB4, 0xEB,
    0xA6, 0xAD, 0x20, 0xE2, 0x86, 0x92, 0x20, 0xED, 0x95, 0xB4, 0xEB, 0x8B,
    0xB9, 0x20, 0xEA, 0xB2, 0xBD, 0xEB, 0xA1, 0x9C, 0xEB, 0xA1, 0x9C, 0x20,
    0xEC, 0xA7, 0x84, 0xEC, 0x9E, 0x85, 0x20, 0x2A, 0x2F, 0x0D, 0x0A, 0x20,
    0x20, 0x20, 0x20, 0x20, 0x20, 0x69, 0x74, 0x65, 0x6D, 0x2E, 0x61, 0x64,
    0x64, 0x45, 0x76, 0x65, 0x6E, 0x74, 0x4C, 0x69, 0x73, 0x74, 0x65, 0x6E,
    0x65, 0x72, 0x28, 0x27, 0x63, 0x6C, 0x69, 0x63, 0x6B, 0x27, 0x2C, 0x20,
    0x28, 0x29, 0x20, 0x3D, 0x3E, 0x20, 0x7B, 0x0D, 0x0A, 0x20, 0x20, 0x20,
    0x20, 0x20, 0x20, 0x20, 0x20, 0x66, 0x73, 0x50, 0x61, 0x74, 0x68, 0x53,
    0x65, 0x67, 0x6D, 0x65, 0x6E, 0x74, 0x73, 0x2E, 0x70, 0x75, 0x73, 0x68,
    0x28, 0x64, 0x69, 0x73, 0x70, 0x6C, 0x61, 0x79, 0x4E, 0x61, 0x6D, 0x65,
    0x29, 0x3B, 0x0D, 0x0A, 0x20, 0x20, 0x20, 0x20, 0x20, 0x20, 0x20, 0x20,
    0x69, 0x66, 0x20, 0x28, 0x65, 0x6C, 0x2E, 0x66, 0x73, 0x45, 0x64, 0x69,
    0x74, 0x6F, 0x72, 0x29, 0x20, 0x65, 0x6C, 0x2E, 0x66, 0x73, 0x45, 0x64,
    0x69, 0x74, 0x6F, 0x72, 0x2E, 0x73, 0x74, 0x79, 0x6C, 0x65, 0x2E, 0x64,
    0x69, 0x73, 0x70, 0x6C, 0x61, 0x79, 0x20, 0x3D, 0x20, 0x27, 0x6E, 0x6F,
    0x6E, 0x65, 0x27, 0x3B, 0x0D, 0x0A, 0x20, 0x20, 0x20, 0x20, 0x20, 0x20,
    0x20, 0x20, 0x66, 0x73, 0x53, 0x65, 0x6C, 0x65, 0x63, 0x74, 0x65, 0x64,
    0x46, 0x69, 0x6C, 0x65, 0x20, 0x3D, 0x20, 0x6E, 0x75, 0x6C, 0x6C, 0x3B,
    0x0D, 0x0A, 0x20, 0x20, 0x20, 0x20, 0x20, 0x20, 0x20, 0x20, 0x66, 0x73,
    0x52, 0x65, 0x66, 0x72, 0x65, 0x73, 0x68, 0x4C, 0x69, 0x73, 0x74, 0x28,
    0x29, 0x3B, 0x0D, 0x0A, 0x20, 0x20, 0x20, 0x20, 0x20, 0x20, 0x7D, 0x29,
    0x3B, 0x0D, 0x0A, 0x20, 0x20, 0x20, 0x20, 0x7D, 0x0D, 0x0A, 0x0D, 0x0A,
    0x20, 0x20, 0x20, 0x20, 0x65, 0x6C, 0x2E, 0x66, 0x73, 0x46, 0x69, 0x6C,
    0x65, 0x4C, 0x69, 0x73, 0x74, 0x2E, 0x61, 0x70, 0x70, 0x65, 0x6E, 0x64,
    0x43, 0x68, 0x69, 0x6C, 0x64, 0x28, 0x69, 0x74, 0x65, 0x6D, 0x29, 0x3B,
    0x0D, 0x0A, 0x20, 0x20, 0x7D, 0x0D, 0x0A, 0x7D, 0x0D, 0x0A, 0x0D, 0x0A,
    0x2F, 0x2A, 0x20, 0xE2, 0x94, 0x80, 0xE2, 0x94, 0x80, 0xE2, 0x94, 0x80,
    0xE2, 0x94, 0x80, 0xE2, 0x94, 0x80, 0xE2, 0x94, 0x80, 0xE2, 0x94, 0x80,
    0xE2, 0x94, 0x80, 0xE2, 0x94, 0x80, 0xE2, 0x94, 0x80, 0xE2, 0x94, 0x80,
    0xE2, 0x94, 0x80, 0xE2, 0x94, 0x80, 0xE2, 0x94, 0x80, 0xE2, 0x94, 0x80,
    0xE2, 0x94, 0x80, 0xE2, 0x94, 0x80, 0xE2, 0x94, 0x80, 0xE2, 0x94, 0x80,
    0xE2, 0x94, 0x80, 0xE2, 0x94, 0x80, 0xE2, 0x94, 0x80, 0xE2, 0x94, 0x80,
    0xE2, 0x94, 0x80, 0xE2, 0x94, 0x80, 0xE2, 0x94, 0x80, 0xE2, 0x94, 0x80,
    0xE2, 0x94, 0x80, 0xE2, 0x94, 0x80, 0xE2, 0x94, 0x80, 0xE2, 0x94, 0x80,
    0xE2, 0x94, 0x80, 0xE2, 0x94, 0x80, 0xE2, 0x94, 0x80, 0xE2, 0x94, 0x80,
    0xE2, 0x94, 0x80, 0xE2, 0x94, 0x80, 0xE2, 0x94, 0x80, 0xE2, 0x94, 0x80,
    0xE2, 0x94, 0x80, 0xE2, 0x94, 0x80, 0xE2, 0x94, 0x80, 0xE2, 0x94, 0x80,
    0xE2, 0x94, 0x80, 0xE2, 0x94, 0x80, 0x0D, 0x0A, 0x20, 0x2A, 0x20, 0xED,
    0x8C, 0x8C, 0xEC, 0x9D, 0xBC, 0x20, 0xEB, 0xAA, 0xA9, 0xEB, 0xA1, 0x9D,
    0x20, 0xEA, 0xB0, 0xB1, 0xEC, 0x8B, 0xA0, 0x0D, 0x0A, 0x20, 0x2A, 0x20,
    0xE2, 0x94, 0x80, 0xE2, 0x94, 0x80, 0xE2, 0x94, 0x80, 0xE2, 0x94, 0x80,
    0xE2, 0x94, 0x80, 0xE2, 0x94, 0x80, 0xE2, 0x94, 0x80, 0xE2, 0x94, 0x80,
    0xE2, 0x94, 0x80, 0xE2, 0x94, 0x80, 0xE2, 0x94, 0x80, 0xE2, 0x94, 0x80,
    0xE2, 0x94, 0x80, 0xE2, 0x94, 0x80, 0xE2, 0x94, 0x80, 0xE2, 0x94, 0x80,
    0xE2, 0x94, 0x80, 0xE2, 0x94, 0x80, 0xE2, 0x94, 0x80, 0xE2, 0x94, 0x80,
    0xE2, 0x94, 0x80, 0xE2, 0x94, 0x80, 0xE2, 0x94, 0x80, 0xE2, 0x94, 0x80,
    0xE2, 0x94, 0x80, 0xE2, 0x94, 0x80, 0xE2, 0x94, 0x80, 0xE2, 0x94, 0x80,
    0xE2, 0x94, 0x80, 0xE2, 0x94, 0x80, 0xE2, 0x94, 0x80, 0xE2, 0x94, 0x80,
    0xE2, 0x94, 0x80, 0xE2, 0x94, 0x80, 0xE2, 0x94, 0x80, 0xE2, 0x94, 0x80,
    0xE2, 0x94, 0x80, 0xE2, 0x94, 0x80, 0xE2, 0x94, 0x80, 0xE2, 0x94, 0x80,
    0xE2, 0x94, 0x80, 0xE2, 0x94, 0x80, 0xE2, 0x94, 0x80, 0xE2, 0x94, 0x80,
    0xE2, 0x94, 0x80, 0x20, 0x2A, 0x2F, 0x0D, 0x0A, 0x61, 0x73, 0x79, 0x6E,
    0x63, 0x20, 0x66, 0x75, 0x6E, 0x63, 0x74, 0x69, 0x6F, 0x6E, 0x20, 0x66,
    0x73, 0x52, 0x65, 0x66, 0x72, 0x65, 0x73, 0x68, 0x4C, 0x69, 0x73, 0x74,
    0x28, 0x29, 0x20, 0x7B, 0x0D, 0x0A, 0x20, 0x20, 0x72, 0x65, 0x6E, 0x64,
    0x65, 0x72, 0x42, 0x72, 0x65, 0x61, 0x64, 0x63, 0x72, 0x75, 0x6D, 0x62,
    0x28, 0x29, 0x3B, 0x0D, 0x0A, 0x20, 0x20, 0x69, 0x66, 0x20, 0x28, 0x21,
    0x65, 0x6C, 0x2E, 0x66, 0x73, 0x46, 0x69, 0x6C, 0x65, 0x4C, 0x69, 0x73,
    0x74, 0x29, 0x20, 0x72, 0x65, 0x74, 0x75, 0x72, 0x6E, 0x3B, 0x0D, 0x0A,
    0x0D, 0x0A, 0x20, 0x20, 0x65, 0x6C, 0x2E, 0x66, 0x73, 0x46, 0x69, 0x6C,
    0x65, 0x4C, 0x69, 0x73, 0x74, 0x2E, 0x69, 0x6E, 0x6E, 0x65, 0x72, 0x48,
    0x54, 0x4D, 0x4C, 0x20, 0x3D, 0x0D, 0x0A, 0x20, 0x20, 0x20, 0x20, 0x27,
    0x3C, 0x64, 0x69, 0x76, 0x20, 0x73, 0x74, 0x79, 0x6C, 0x65, 0x3D, 0x22,
    0x70, 0x61, 0x64, 0x64, 0x69, 0x6E, 0x67, 0x3A, 0x38, 0x70, 0x78, 0x3B,
    0x63, 0x6F, 0x6C, 0x6F, 0x72, 0x3A, 0x23, 0x38, 0x38, 0x38, 0x3B, 0x66,
    0x6F, 0x6E, 0x74, 0x2D, 0x73, 0x69, 0x7A, 0x65, 0x3A, 0x31, 0x33, 0x70,
    0x78, 0x3B, 0x22, 0x3E, 0x4C, 0x6F, 0x61, 0x64, 0x69, 0x6E, 0x67, 0x2E,
    0x2E, 0x2E, 0x3C, 0x2F, 0x64, 0x69, 0x76, 0x3E, 0x27, 0x3B, 0x0D, 0x0A,
    0x0D, 0x0A, 0x20, 0x20, 0x74, 0x72, 0x79, 0x20, 0x7B, 0x0D, 0x0A, 0x20,
    0x20, 0x20, 0x20, 0x63, 0x6F, 0x6E, 0x73, 0x74, 0x20, 0x70, 0x61, 0x74,
    0x68, 0x20, 0x3D, 0x20, 0x67, 0x65, 0x74, 0x43, 0x75, 0x72, 0x72, 0x65,
    0x6E, 0x74, 0x50, 0x61, 0x74, 0x68, 0x28, 0x29, 0x3B, 0x0D, 0x0A, 0x20,
    0x20, 0x20, 0x20, 0x63, 0x6F, 0x6E, 0x73, 0x74, 0x20, 0x74, 0x78, 0x74,
    0x20, 0x20, 0x3D, 0x20, 0x61, 0x77, 0x61, 0x69, 0x74, 0x20, 0x70, 0x6F,
    0x73, 0x74, 0x46, 0x73, 0x4C, 0x69, 0x73, 0x74, 0x28, 0x70, 0x61, 0x74,
    0x68, 0x20, 0x7C, 0x7C, 0x20, 0x27, 0x2F, 0x27, 0x29, 0x3B, 0x0D, 0x0A,
    0x20, 0x20, 0x20, 0x20, 0x63, 0x6F, 0x6E, 0x73, 0x74, 0x20, 0x6C, 0x69,
    0x6E, 0x65, 0x73, 0x20, 0x3D, 0x20, 0x74, 0x78, 0x74, 0x2E, 0x73, 0x70,
    0x6C, 0x69, 0x74, 0x28, 0x27, 0x5C, 0x6E, 0x27, 0x29, 0x3B, 0x0D, 0x0A,
    0x20, 0x20, 0x20, 0x20, 0x72, 0x65, 0x6E, 0x64, 0x65, 0x72, 0x46, 0x69,
    0x6C, 0x65, 0x4C, 0x69, 0x73, 0x74, 0x28, 0x6C, 0x69, 0x6E, 0x65, 0x73,
    0x29, 0x3B, 0x0D, 0x0A, 0x20, 0x20, 0x20, 0x20, 0x63, 0x6F, 0x6E, 0x73,
    0x74, 0x20, 0x63, 0x6F, 0x75, 0x6E, 0x74, 0x20, 0x3D, 0x20, 0x6C, 0x69,
    0x6E, 0x65, 0x73, 0x2E, 0x66, 0x69, 0x6C, 0x74, 0x65, 0x72, 0x28, 0x6C,
    0x20, 0x3D, 0x3E, 0x20, 0x6C, 0x2E, 0x74, 0x72, 0x69, 0x6D, 0x28, 0x29,
    0x20, 0x26, 0x26, 0x20, 0x6C, 0x2E, 0x69, 0x6E, 0x63, 0x6C, 0x75, 0x64,
    0x65, 0x73, 0x28, 0x27, 0x2C, 0x46, 0x27, 0x29, 0x29, 0x2E, 0x6C, 0x65,
    0x6E, 0x67, 0x74, 0x68, 0x3B, 0x0D, 0x0A, 0x20, 0x20, 0x20, 0x20, 0x6C,
    0x6F, 0x67, 0x28, 0x27, 0x53, 0x44, 0x20, 0x5B, 0x27, 0x20, 0x2B, 0x20,
    0x28, 0x70, 0x61, 0x74, 0x68, 0x20, 0x7C, 0x7C, 0x20, 0x27, 0x2F, 0x27,
    0x29, 0x20, 0x2B, 0x20, 0x27, 0x5D, 0x3A, 0x20, 0x27, 0x20, 0x2B, 0x20,
    0x63, 0x6F, 0x75, 0x6E, 0x74, 0x20, 0x2B, 0x20, 0x27, 0x20, 0x66, 0x69,
    0x6C, 0x65, 0x28, 0x73, 0x29, 0x27, 0x29, 0x3B, 0x0D, 0x0A, 0x20, 0x20,
    0x7D, 0x20, 0x63, 0x61, 0x74, 0x63, 0x68, 0x20, 0x28, 0x65, 0x72, 0x72,
    0x29, 0x20, 0x7B, 0x0D, 0x0A, 0x20, 0x20, 0x20, 0x20, 0x6C, 0x6F, 0x67,
    0x28, 0x27, 0x53, 0x44, 0x20, 0x6C, 0x69, 0x73, 0x74, 0x20, 0x65, 0x72,
    0x72, 0x6F, 0x72, 0x3A, 0x20, 0x27, 0x20, 0x2B, 0x20, 0x65, 0x72, 0x72,
    0x2E, 0x6D, 0x65, 0x73, 0x73, 0x61, 0x67, 0x65, 0x29, 0x3B, 0x0D, 0x0A,
    0x20, 0x20, 0x20, 0x20, 0x69, 0x66, 0x20, 0x28, 0x65, 0x6C, 0x2E, 0x66,
    0x73, 0x46, 0x69, 0x6C, 0x65, 0x4C, 0x69, 0x73, 0x74, 0x29, 0x0D, 0x0A,
    0x20, 0x20, 0x20, 0x20, 0x20, 0x20, 0x65, 0x6C, 0x2E, 0x66, 0x73, 0x46,
    0x69, 0x6C, 0x65, 0x4C, 0x69, 0x73, 0x74, 0x2E, 0x69, 0x6E, 0x6E, 0x65,
    0x72, 0x48, 0x54, 0x4D, 0x4C, 0x20, 0x3D, 0x0D, 0x0A, 0x20, 0x20, 0x20,
    0x20, 0x20, 0x20, 0x20, 0x20, 0x27, 0x3C, 0x64, 0x69, 0x76, 0x20, 0x73,
    0x74, 0x79, 0x6C, 0x65, 0x3D, 0x22, 0x70, 0x61, 0x64, 0x64, 0x69, 0x6E,
    0x67, 0x3A, 0x38, 0x70, 0x78, 0x3B, 0x63, 0x6F, 0x6C, 0x6F, 0x72, 0x3A,
    0x23, 0x63, 0x30, 0x30, 0x3B, 0x66, 0x6F, 0x6E, 0x74, 0x2D, 0x73, 0x69,
    0x7A, 0x65, 0x3A, 0x31, 0x33, 0x70, 0x78, 0x3B, 0x22, 0x3E, 0x53, 0x44,
    0x20, 0x63, 0x61, 0x72, 0x64, 0x20, 0x65, 0x72, 0x72, 0x6F, 0x72, 0x3C,
    0x2F, 0x64, 0x69, 0x76, 0x3E, 0x27, 0x3B, 0x0D, 0x0A, 0x20, 0x20, 0x7D,
    0x0D, 0x0A, 0x7D, 0x0D, 0x0A, 0x0D, 0x0A, 0x2F, 0x2A, 0x20, 0xE2, 0x94,
    0x80, 0xE2, 0x94, 0x80, 0xE2, 0x94, 0x80, 0xE2, 0x94, 0x80, 0xE2, 0x94,
    0x80, 0xE2, 0x94, 0x80, 0xE2, 0x94, 0x80, 0xE2, 0x94, 0x80, 0xE2, 0x94,
    0x80, 0xE2, 0x94, 0x80, 0xE2, 0x94, 0x80, 0xE2, 0x94, 0x80, 0xE2, 0x94,
    0x80, 0xE2, 0x94, 0x80, 0xE2, 0x94, 0x80, 0xE2, 0x94, 0x80, 0xE2, 0x94,
    0x80, 0xE2, 0x94, 0x80, 0xE2, 0x94, 0x80, 0xE2, 0x94, 0x80, 0xE2, 0x94,
    0x80, 0xE2, 0x94, 0x80, 0xE2, 0x94, 0x80, 0xE2, 0x94, 0x80, 0xE2, 0x94,
    0x80, 0xE2, 0x94, 0x80, 0xE2, 0x94, 0x80, 0xE2, 0x94, 0x80, 0xE2, 0x94,
    0x80, 0xE2, 0x94, 0x80, 0xE2, 0x94, 0x80, 0xE2, 0x94, 0x80, 0xE2, 0x94,
    0x80, 0xE2, 0x94, 0x80, 0xE2, 0x94, 0x80, 0xE2, 0x94, 0x80, 0xE2, 0x94,
    0x80, 0xE2, 0x94, 0x80, 0xE2, 0x94, 0x80, 0xE2, 0x94, 0x80, 0xE2, 0x94,
    0x80, 0xE2, 0x94, 0x80, 0xE2, 0x94, 0x80, 0xE2, 0x94, 0x80, 0xE2, 0x94,
    0x80, 0x0D, 0x0A, 0x20, 0x2A, 0x20, 0x69, 0x6E, 0x69, 0x74, 0x46, 0x69,
    0x6C, 0x65, 0x4D, 0x61, 0x6E, 0x61, 0x67, 0x65, 0x72, 0x20, 0xE2, 0x80,
    0x93, 0x20, 0x44, 0x4F, 0x4D, 0x43, 0x6F, 0x6E, 0x74, 0x65, 0x6E, 0x74,
    0x4C, 0x6F, 0x61, 0x64, 0x65, 0x64, 0x20, 0xEC, 0x97, 0x90, 0xEC, 0x84,
    0x9C, 0x20, 0xED, 0x98, 0xB8, 0xEC, 0xB6, 0x9C, 0x0D, 0x0A, 0x20, 0x2A,
    0x20, 0xE2, 0x94, 0x80, 0xE2, 0x94, 0x80, 0xE2, 0x94, 0x80, 0xE2, 0x94,
    0x80, 0xE2, 0x94, 0x80, 0xE2, 0x94, 0x80, 0xE2, 0x94, 0x80, 0xE2, 0x94,
    0x80, 0xE2, 0x94, 0x80, 0xE2, 0x94, 0x80, 0xE2, 0x94, 0x80, 0xE2, 0x94,
    0x80, 0xE2, 0x94, 0x80, 0xE2, 0x94, 0x80, 0xE2, 0x94, 0x80, 0xE2, 0x94,
    0x80, 0xE2, 0x94, 0x80, 0xE2, 0x94, 0x80, 0xE2, 0x94, 0x80, 0xE2, 0x94,
    0x80, 0xE2, 0x94, 0x80, 0xE2, 0x94, 0x80, 0xE2, 0x94, 0x80, 0xE2, 0x94,
    0x80, 0xE2, 0x94, 0x80, 0xE2, 0x94, 0x80, 0xE2, 0x94, 0x80, 0xE2, 0x94,
    0x80, 0xE2, 0x94, 0x80, 0xE2, 0x94, 0x80, 0xE2, 0x94, 0x80, 0xE2, 0x94,
    0x80, 0xE2, 0x94, 0x80, 0xE2, 0x94, 0x80, 0xE2, 0x94, 0x80, 0xE2, 0x94,
    0x80, 0xE2, 0x94, 0x80, 0xE2, 0x94, 0x80, 0xE2, 0x94, 0x80, 0xE2, 0x94,
    0x80, 0xE2, 0x94, 0x80, 0xE2, 0x94, 0x80, 0xE2, 0x94, 0x80, 0xE2, 0x94,
    0x80, 0xE2, 0x94, 0x80, 0x20, 0x2A, 0x2F, 0x0D, 0x0A, 0x66, 0x75, 0x6E,
    0x63, 0x74, 0x69, 0x6F, 0x6E, 0x20, 0x69, 0x6E, 0x69, 0x74, 0x46, 0x69,
    0x6C, 0x65, 0x4D, 0x61, 0x6E, 0x61, 0x67, 0x65, 0x72, 0x28, 0x29, 0x20,
    0x7B, 0x0D, 0x0A, 0x0D, 0x0A, 0x20, 0x20, 0x2F, 0x2A, 0x20, 0xEB, 0xAA,
    0xA9, 0xEB, 0xA1, 0x9D, 0x20, 0xEC, 0x83, 0x88, 0xEB, 0xA1, 0x9C, 0xEA,
    0xB3, 0xA0, 0xEC, 0xB9, 0xA8, 0x20, 0x2A, 0x2F, 0x0D, 0x0A, 0x20, 0x20,
    0x69, 0x66, 0x20, 0x28, 0x65, 0x6C, 0x2E, 0x62, 0x74, 0x6E, 0x46, 0x73,
    0x4C, 0x69, 0x73, 0x74, 0x29, 0x20, 0x7B, 0x0D, 0x0A, 0x20, 0x20, 0x20,
    0x20, 0x65, 0x6C, 0x2E, 0x62, 0x74, 0x6E, 0x46, 0x73, 0x4C, 0x69, 0x73,
    0x74, 0x2E, 0x61, 0x64, 0x64, 0x45, 0x76, 0x65, 0x6E, 0x74, 0x4C, 0x69,
    0x73, 0x74, 0x65, 0x6E, 0x65, 0x72, 0x28, 0x27, 0x63, 0x6C, 0x69, 0x63,
    0x6B, 0x27, 0x2C, 0x20, 0x28, 0x29, 0x20, 0x3D, 0x3E, 0x20, 0x7B, 0x20,
    0x66, 0x73, 0x52, 0x65, 0x66, 0x72, 0x65, 0x73, 0x68, 0x4C, 0x69, 0x73,
    0x74, 0x28, 0x29, 0x3B, 0x20, 0x7D, 0x29, 0x3B, 0x0D, 0x0A, 0x20, 0x20,
    0x7D, 0x0D, 0x0A, 0x0D, 0x0A, 0x20, 0x20, 0x2F, 0x2A, 0x20, 0xED, 0x8C,
    0x8C, 0xEC, 0x9D, 0xBC, 0x20, 0xEB, 0x8B, 0xA4, 0xEC, 0x9A, 0xB4, 0xEB,
    0xA1, 0x9C, 0xEB, 0x93, 0x9C, 0x0D, 0x0A, 0x20, 0x20, 0x20, 0x2A, 0x0D,
    0x0A, 0x20, 0x20, 0x20, 0x2A, 0x20, 0xEB, 0x8B, 0xA8, 0xEC, 0x9D, 0xBC,
    0x20, 0xEC, 0x86, 0x8C, 0xEC, 0xBC, 0x93, 0x20, 0xEC, 0x84, 0x9C, 0xEB,
    0xB2, 0x84, 0xEC, 0x9D, 0xB4, 0xEB, 0xAF, 0x80, 0xEB, 0xA1, 0x9C, 0x20,
    0xEB, 0x8B, 0xA4, 0xEC, 0x9A, 0xB4, 0xEB, 0xA1, 0x9C, 0xEB, 0x93, 0x9C,
    0x20, 0xEC, 0xA4, 0x91, 0x20, 0xEC, 0x83, 0x81, 0xED, 0x83, 0x9C, 0x20,
    0xED, 0x8F, 0xB4, 0xEB, 0xA7, 0x81, 0xEC, 0x9D, 0xB4, 0x20, 0xEC, 0xB6,
    0xA9, 0xEB, 0x8F, 0x8C, 0xED, 0x95, 0xA9, 0xEB, 0x8B, 0x88, 0xEB, 0x8B,
    0xA4, 0x2E, 0x0D, 0x0A, 0x20, 0x20, 0x20, 0x2A, 0x20, 0xEB, 0x8B, 0xA4,
    0xEC, 0x9A, 0xB4, 0xEB, 0xA1, 0x9C, 0xEB, 0x93, 0x9C, 0x20, 0xEC, 0x8B,
    0x9C, 0xEC, 0x9E, 0x91, 0x20, 0xEC, 0xA0, 0x84, 0x20, 0xED, 0x8F, 0xB4,
    0xEB, 0xA7, 0x81, 0xEC, 0x9D, 0x84, 0x20, 0xEC, 0x9D, 0xBC, 0xEC, 0x8B,
    0x9C, 0x20, 0xEC, 0xA4, 0x91, 0xEC, 0xA7, 0x80, 0xED, 0x95, 0x98, 0xEA,
    0xB3, 0xA0, 0x2C, 0x20, 0xEC, 0x99, 0x84, 0xEB, 0xA3, 0x8C, 0x2F, 0xEC,
    0x8B, 0xA4, 0xED, 0x8C, 0xA8, 0x20, 0xED, 0x9B, 0x84, 0x20, 0xEC, 0x9E,
    0xAC, 0xEA, 0xB0, 0x9C, 0xED, 0x95, 0xA9, 0xEB, 0x8B, 0x88, 0xEB, 0x8B,
    0xA4, 0x2E, 0x0D, 0x0A, 0x20, 0x20, 0x20, 0x2A, 0x2F, 0x0D, 0x0A, 0x20,
    0x20, 0x69, 0x66, 0x20, 0x28, 0x65, 0x6C, 0x2E, 0x62, 0x74, 0x6E, 0x46,
    0x73, 0x44, 0x6F, 0x77, 0x6E, 0x6C, 0x6F, 0x61, 0x64, 0x29, 0x20, 0x7B,
    0x0D, 0x0A, 0x20, 0x20, 0x20, 0x20, 0x65, 0x6C, 0x2E, 0x62, 0x74, 0x6E,
    0x46, 0x73, 0x44, 0x6F, 0x77, 0x6E, 0x6C, 0x6F, 0x61, 0x64, 0x2E, 0x61,
    0x64, 0x64, 0x45, 0x76, 0x65, 0x6E, 0x74, 0x4C, 0x69, 0x73, 0x74, 0x65,
    0x6E, 0x65, 0x72, 0x28, 0x27, 0x63, 0x6C, 0x69, 0x63, 0x6B, 0x27, 0x2C,
    0x20, 0x61, 0x73, 0x79, 0x6E, 0x63, 0x20, 0x28, 0x29, 0x20, 0x3D, 0x3E,
    0x20, 0x7B, 0x0D, 0x0A, 0x20, 0x20, 0x20, 0x20, 0x20, 0x20, 0x69, 0x66,
    0x20, 0x28, 0x21, 0x66, 0x73, 0x53, 0x65, 0x6C, 0x65, 0x63, 0x74, 0x65,
    0x64, 0x46, 0x69, 0x6C, 0x65, 0x29, 0x20, 0x72, 0x65, 0x74, 0x75, 0x72,
    0x6E, 0x3B, 0x0D, 0x0A, 0x0D, 0x0A, 0x20, 0x20, 0x20, 0x20, 0x20, 0x20,
    0x73, 0x74, 0x6F, 0x70, 0x53, 0x74, 0x61, 0x74, 0x75, 0x73, 0x50, 0x6F,
    0x6C, 0x6C, 0x69, 0x6E, 0x67, 0x28, 0x29, 0x3B, 0x20, 0x20, 0x20, 0x20,
    0x20, 0x20, 0x20, 0x20, 0x20, 0x20, 0x2F, 0x2A, 0x20, 0xED, 0x8F, 0xB4,
    0xEB, 0xA7, 0x81, 0x20, 0xEC, 0x9D, 0xBC, 0xEC, 0x8B, 0x9C, 0x20, 0xEC,
    0xA4, 0x91, 0xEC, 0xA7, 0x80, 0x20, 0x28, 0xEC, 0x86, 0x8C, 0xEC, 0xBC,
    0x93, 0x20, 0xEC, 0xB6, 0xA9, 0xEB, 0x8F, 0x8C, 0x20, 0xEB, 0xB0, 0xA9,
    0xEC, 0xA7, 0x80, 0x29, 0x20, 0x2A, 0x2F, 0x0D, 0x0A, 0x20, 0x20, 0x20,
    0x20, 0x20, 0x20, 0x6C, 0x6F, 0x67, 0x28, 0x27, 0x44, 0x6F, 0x77, 0x6E,
    0x6C, 0x6F, 0x61, 0x64, 0x69, 0x6E, 0x67, 0x3A, 0x20, 0x27, 0x20, 0x2B,
    0x20, 0x66, 0x73, 0x53, 0x65, 0x6C, 0x65, 0x63, 0x74, 0x65, 0x64, 0x46,
    0x69, 0x6C, 0x65, 0x29, 0x3B, 0x0D, 0x0A, 0x0D, 0x0A, 0x20, 0x20, 0x20,
    0x20, 0x20, 0x20, 0x74, 0x72, 0x79, 0x20, 0x7B, 0x0D, 0x0A, 0x20, 0x20,
    0x20, 0x20, 0x20, 0x20, 0x20, 0x20, 0x61, 0x77, 0x61, 0x69, 0x74, 0x20,
    0x64, 0x6F, 0x77, 0x6E, 0x6C, 0x6F, 0x61, 0x64, 0x46, 0x73, 0x46, 0x69,
    0x6C, 0x65, 0x28, 0x66, 0x73, 0x53, 0x65, 0x6C, 0x65, 0x63, 0x74, 0x65,
    0x64, 0x46, 0x69, 0x6C, 0x65, 0x29, 0x3B, 0x0D, 0x0A, 0x20, 0x20, 0x20,
    0x20, 0x20, 0x20, 0x20, 0x20, 0x6C, 0x6F, 0x67, 0x28, 0x27, 0x44, 0x6F,
    0x77, 0x6E, 0x6C, 0x6F, 0x61, 0x64, 0x20, 0x63, 0x6F, 0x6D, 0x70, 0x6C,
    0x65, 0x74, 0x65, 0x3A, 0x20, 0x27, 0x20, 0x2B, 0x20, 0x66, 0x73, 0x53,
    0x65, 0x6C, 0x65, 0x63, 0x74, 0x65, 0x64, 0x46, 0x69, 0x6C, 0x65, 0x29,
    0x3B, 0x0D, 0x0A, 0x20, 0x20, 0x20, 0x20, 0x20, 0x20, 0x7D, 0x20, 0x63,
    0x61, 0x74, 0x63, 0x68, 0x20, 0x28, 0x65, 0x72, 0x72, 0x29, 0x20, 0x7B,
    0x0D, 0x0A, 0x20, 0x20, 0x20, 0x20, 0x20, 0x20, 0x20, 0x20, 0x6C, 0x6F,
    0x67, 0x28, 0x27, 0x44, 0x6F, 0x77, 0x6E, 0x6C, 0x6F, 0x61, 0x64, 0x20,
    0x65, 0x72, 0x72, 0x6F, 0x72, 0x3A, 0x20, 0x27, 0x20, 0x2B, 0x20, 0x65,
    0x72, 0x72, 0x2E, 0x6D, 0x65, 0x73, 0x73, 0x61, 0x67, 0x65, 0x29, 0x3B,
    0x0D, 0x0A, 0x20, 0x20, 0x20, 0x20, 0x20, 0x20, 0x7D, 0x20, 0x66, 0x69,
    0x6E, 0x61, 0x6C, 0x6C, 0x79, 0x20, 0x7B, 0x0D, 0x0A, 0x20, 0x20, 0x20,
    0x20, 0x20, 0x20, 0x20, 0x20, 0x73, 0x74, 0x61, 0x72, 0x74, 0x53, 0x74,
    0x61, 0x74, 0x75, 0x73, 0x50, 0x6F, 0x6C, 0x6C, 0x69, 0x6E, 0x67, 0x28,
    0x31, 0x30, 0x30, 0x30, 0x29, 0x3B, 0x20, 0x20, 0x20, 0x2F, 0x2A, 0x20,
    0xED, 0x8F, 0xB4, 0xEB, 0xA7, 0x81, 0x20, 0xEC, 0x9E, 0xAC, 0xEA, 0xB0,
    0x9C, 0x20, 0x2A, 0x2F, 0x0D, 0x0A, 0x20, 0x20, 0x20, 0x20, 0x20, 0x20,
    0x7D, 0x0D, 0x0A, 0x20, 0x20, 0x20, 0x20, 0x7D, 0x29, 0x3B, 0x0D, 0x0A,
    0x20, 0x20, 0x7D, 0x0D, 0x0A, 0x0D, 0x0A, 0x20, 0x20, 0x2F, 0x2A, 0x20,
    0xED, 0x8C, 0x8C, 0xEC, 0x9D, 0xBC, 0x20, 0xEC, 0x82, 0xAD, 0xEC, 0xA0,
    0x9C, 0x20, 0x2A, 0x2F, 0x0D, 0x0A, 0x20, 0x20, 0x69, 0x66, 0x20, 0x28,
    0x65, 0x6C, 0x2E, 0x62, 0x74, 0x6E, 0x46, 0x73, 0x44, 0x65, 0x6C, 0x65,
    0x74, 0x65, 0x29, 0x20, 0x7B, 0x0D, 0x0A, 0x20, 0x20, 0x20, 0x20, 0x65,
    0x6C, 0x2E, 0x62, 0x74, 0x6E, 0x46, 0x73, 0x44, 0x65, 0x6C, 0x65, 0x74,
    0x65, 0x2E, 0x61, 0x64, 0x64, 0x45, 0x76, 0x65, 0x6E, 0x74, 0x4C, 0x69,
    0x73, 0x74, 0x65, 0x6E, 0x65, 0x72, 0x28, 0x27, 0x63, 0x6C, 0x69, 0x63,
    0x6B, 0x27, 0x2C, 0x20, 0x61, 0x73, 0x79, 0x6E, 0x63, 0x20, 0x28, 0x29,
    0x20, 0x3D, 0x3E, 0x20, 0x7B, 0x0D, 0x0A, 0x20, 0x20, 0x20, 0x20, 0x20,
    0x20, 0x69, 0x66, 0x20, 0x28, 0x21, 0x66, 0x73, 0x53, 0x65, 0x6C, 0x65,
    0x63, 0x74, 0x65, 0x64, 0x46, 0x69, 0x6C, 0x65, 0x29, 0x20, 0x72, 0x65,
    0x74, 0x75, 0x72, 0x6E, 0x3B, 0x0D, 0x0A, 0x20, 0x20, 0x20, 0x20, 0x20,
    0x20, 0x69, 0x66, 0x20, 0x28, 0x21, 0x63, 0x6F, 0x6E, 0x66, 0x69, 0x72,
    0x6D, 0x28, 0x27, 0x44, 0x65, 0x6C, 0x65, 0x74, 0x65, 0x20, 0x27, 0x20,
    0x2B, 0x20, 0x66, 0x73, 0x53, 0x65, 0x6C, 0x65, 0x63, 0x74, 0x65, 0x64,
    0x46, 0x69, 0x6C, 0x65, 0x20, 0x2B, 0x20, 0x27, 0x3F, 0x27, 0x29, 0x29,
    0x20, 0x72, 0x65, 0x74, 0x75, 0x72, 0x6E, 0x3B, 0x0D, 0x0A, 0x0D, 0x0A,
    0x20, 0x20, 0x20, 0x20, 0x20, 0x20, 0x74, 0x72, 0x79, 0x20, 0x7B, 0x0D,
    0x0A, 0x20, 0x20, 0x20, 0x20, 0x20, 0x20, 0x20, 0x20, 0x61, 0x77, 0x61,
    0x69, 0x74, 0x20, 0x70, 0x6F, 0x73, 0x74, 0x46, 0x73, 0x44, 0x65, 0x6C,
    0x65, 0x74, 0x65, 0x28, 0x66, 0x73, 0x53, 0x65, 0x6C, 0x65, 0x63, 0x74,
    0x65, 0x64, 0x46, 0x69, 0x6C, 0x65, 0x29, 0x3B, 0x0D, 0x0A, 0x20, 0x20,
    0x20, 0x20, 0x20, 0x20, 0x20, 0x20, 0x6C, 0x6F, 0x67, 0x28, 0x27, 0x44,
    0x65, 0x6C, 0x65, 0x74, 0x65, 0x64, 0x3A, 0x20, 0x27, 0x20, 0x2B, 0x20,
    0x66, 0x73, 0x53, 0x65, 0x6C, 0x65, 0x63, 0x74, 0x65, 0x64, 0x46, 0x69,
    0x6C, 0x65, 0x29, 0x3B, 0x0D, 0x0A, 0x20, 0x20, 0x20, 0x20, 0x20, 0x20,
    0x20, 0x20, 0x69, 0x66, 0x20, 0x28, 0x65, 0x6C, 0x2E, 0x66, 0x73, 0x45,
    0x64, 0x69, 0x74, 0x6F, 0x72, 0x29, 0x20, 0x65, 0x6C, 0x2E, 0x66, 0x73,
    0x45, 0x64, 0x69, 0x74, 0x6F, 0x72, 0x2E, 0x73, 0x74, 0x79, 0x6C, 0x65,
    0x2E, 0x64, 0x69, 0x73, 0x70, 0x6C, 0x61, 0x79, 0x20, 0x3D, 0x20, 0x27,
    0x6E, 0x6F, 0x6E, 0x65, 0x27, 0x3B, 0x0D, 0x0A, 0x20, 0x20, 0x20, 0x20,
    0x20, 0x20, 0x20, 0x20, 0x66, 0x73, 0x53, 0x65, 0x6C, 0x65, 0x63, 0x74,
    0x65, 0x64, 0x46, 0x69, 0x6C, 0x65, 0x20, 0x3D, 0x20, 0x6E, 0x75, 0x6C,
    0x6C, 0x3B, 0x0D, 0x0A, 0x20, 0x20, 0x20, 0x20, 0x20, 0x20, 0x20, 0x20,
    0x61, 0x77, 0x61, 0x69, 0x74, 0x20, 0x66, 0x73, 0x52, 0x65, 0x66, 0x72,
    0x65, 0x73, 0x68, 0x4C, 0x69, 0x73, 0x74, 0x28, 0x29, 0x3B, 0x0D, 0x0A,
    0x20, 0x20, 0x20, 0x20, 0x20, 0x20, 0x7D, 0x20, 0x63, 0x61, 0x74, 0x63,
    0x68, 0x20, 0x28, 0x65, 0x72, 0x72, 0x29, 0x20, 0x7B, 0x0D, 0x0A, 0x20,
    0x20, 0x20, 0x20, 0x20, 0x20, 0x20, 0x20, 0x6C, 0x6F, 0x67, 0x28, 0x27,
    0x44, 0x65, 0x6C, 0x65, 0x74, 0x65, 0x20, 0x65, 0x72, 0x72, 0x6F, 0x72,
    0x3A, 0x20, 0x27, 0x20, 0x2B, 0x20, 0x65, 0x72, 0x72, 0x2E, 0x6D, 0x65,
    0x73, 0x73, 0x61, 0x67, 0x65, 0x29, 0x3B, 0x0D, 0x0A, 0x20, 0x20, 0x20,
    0x20, 0x20, 0x20, 0x7D, 0x0D, 0x0A, 0x20, 0x20, 0x20, 0x20, 0x7D, 0x29,
    0x3B, 0x0D, 0x0A, 0x20, 0x20, 0x7D, 0x0D, 0x0A, 0x0D, 0x0A, 0x20, 0x20,
    0x2F, 0x2A, 0x20, 0xED, 0x8E, 0xB8, 0xEC, 0xA7, 0x91, 0xEA, 0xB8, 0xB0,
    0x20, 0xEB, 0x8B, 0xAB, 0xEA, 0xB8, 0xB0, 0x20, 0x2A, 0x2F, 0x0D, 0x0A,
    0x20, 0x20, 0x69, 0x66, 0x20, 0x28, 0x65, 0x6C, 0x2E, 0x62, 0x74, 0x6E,
    0x46, 0x73, 0x43, 0x6C, 0x6F, 0x73, 0x65, 0x29, 0x20, 0x7B, 0x0D, 0x0A,
    0x20, 0x20, 0x20, 0x20, 0x65, 0x6C, 0x2E, 0x62, 0x74, 0x6E, 0x46, 0x73,
    0x43, 0x6C, 0x6F, 0x73, 0x65, 0x2E, 0x61, 0x64, 0x64, 0x45, 0x76, 0x65,
    0x6E, 0x74, 0x4C, 0x69, 0x73, 0x74, 0x65, 0x6E, 0x65, 0x72, 0x28, 0x27,
    0x63, 0x6C, 0x69, 0x63, 0x6B, 0x27, 0x2C, 0x20, 0x28, 0x29, 0x20, 0x3D,
    0x3E, 0x20, 0x7B, 0x0D, 0x0A, 0x20, 0x20, 0x20, 0x20, 0x20, 0x20, 0x69,
    0x66, 0x20, 0x28, 0x65, 0x6C, 0x2E, 0x66, 0x73, 0x45, 0x64, 0x69, 0x74,
    0x6F, 0x72, 0x29, 0x20, 0x65, 0x6C, 0x2E, 0x66, 0x73, 0x45, 0x64, 0x69,
    0x74, 0x6F, 0x72, 0x2E, 0x73, 0x74, 0x79, 0x6C, 0x65, 0x2E, 0x64, 0x69,
    0x73, 0x70, 0x6C, 0x61, 0x79, 0x20, 0x3D, 0x20, 0x27, 0x6E, 0x6F, 0x6E,
    0x65, 0x27, 0x3B, 0x0D, 0x0A, 0x20, 0x20, 0x20, 0x20, 0x20, 0x20, 0x66,
    0x73, 0x53, 0x65, 0x6C, 0x65, 0x63, 0x74, 0x65, 0x64, 0x46, 0x69, 0x6C,
    0x65, 0x20, 0x3D, 0x20, 0x6E, 0x75, 0x6C, 0x6C, 0x3B, 0x0D, 0x0A, 0x20,
    0x20, 0x20, 0x20, 0x20, 0x20, 0x64, 0x6F, 0x63, 0x75, 0x6D, 0x65, 0x6E,
    0x74, 0x2E, 0x71, 0x75, 0x65, 0x72, 0x79, 0x53, 0x65, 0x6C, 0x65, 0x63,
    0x74, 0x6F, 0x72, 0x41, 0x6C, 0x6C, 0x28, 0x27, 0x2E, 0x66, 0x73, 0x2D,
    0x66, 0x69, 0x6C, 0x65, 0x2D, 0x69, 0x74, 0x65, 0x6D, 0x27, 0x29, 0x2E,
    0x66, 0x6F, 0x72, 0x45, 0x61, 0x63, 0x68, 0x28, 0x69, 0x20, 0x3D, 0x3E,
    0x20, 0x69, 0x2E, 0x63, 0x6C, 0x61, 0x73, 0x73, 0x4C, 0x69, 0x73, 0x74,
    0x2E, 0x72, 0x65, 0x6D, 0x6F, 0x76, 0x65, 0x28, 0x27, 0x73, 0x65, 0x6C,
    0x65, 0x63, 0x74, 0x65, 0x64, 0x27, 0x29, 0x29, 0x3B, 0x0D, 0x0A, 0x20,
    0x20, 0x20, 0x20, 0x7D, 0x29, 0x3B, 0x0D, 0x0A, 0x20, 0x20, 0x7D, 0x0D,
    0x0A, 0x0D, 0x0A, 0x20, 0x20, 0x2F, 0x2A, 0x20, 0xED, 0x8C, 0x8C, 0xEC,
    0x9D, 0xBC, 0x20, 0xEC, 0x97, 0x85, 0xEB, 0xA1, 0x9C, 0xEB, 0x93, 0x9C,
    0x0D, 0x0A, 0x20, 0x20, 0x20, 0x2A, 0x0D, 0x0A, 0x20, 0x20, 0x20, 0x2A,
    0x20, 0xEB, 0x8B, 0xA8, 0xEC, 0x9D, 0xBC, 0x20, 0xEC, 0x86, 0x8C, 0xEC,
    0xBC, 0x93, 0x20, 0xEC, 0x84, 0x9C, 0xEB, 0xB2, 0x84, 0x20, 0x2B, 0x20,
    0x34, 0x4B, 0x42, 0x20, 0xEB, 0xB0, 0x94, 0xEB, 0x94, 0x94, 0x20, 0xED,
    0x95, 0x9C, 0xEB, 0x8F, 0x84, 0x20, 0xE2, 0x86, 0x92, 0x20, 0x33, 0x30,
    0x30, 0x30, 0x42, 0x20, 0xEC, 0xB2, 0xAD, 0xED, 0x81, 0xAC, 0xEB, 0xA1,
    0x9C, 0x20, 0xEB, 0xB6, 0x84, 0xED, 0x95, 0xA0, 0x20, 0xEC, 0xA0, 0x84,
    0xEC, 0x86, 0xA1, 0x2E, 0x0D, 0x0A, 0x20, 0x20, 0x20, 0x2A, 0x20, 0xEC,
    0x97, 0x85, 0xEB, 0xA1, 0x9C, 0xEB, 0x93, 0x9C, 0x20, 0xEC, 0xA4, 0x91,
    0x20, 0xEC, 0x83, 0x81, 0xED, 0x83, 0x9C, 0x20, 0xED, 0x8F, 0xB4, 0xEB,
    0xA7, 0x81, 0x20, 0xEC, 0x9D, 0xBC, 0xEC, 0x8B, 0x9C, 0x20, 0xEC, 0xA4,
    0x91, 0xEC, 0xA7, 0x80, 0x2E, 0x0D, 0x0A, 0x20, 0x20, 0x20, 0x2A, 0x2F,
    0x0D, 0x0A, 0x20, 0x20, 0x69, 0x66, 0x20, 0x28, 0x65, 0x6C, 0x2E, 0x62,
    0x74, 0x6E, 0x46, 0x73, 0x55, 0x70, 0x6C, 0x6F, 0x61, 0x64, 0x29, 0x20,
    0x7B, 0x0D, 0x0A, 0x20, 0x20, 0x20, 0x20, 0x65, 0x6C, 0x2E, 0x62, 0x74,
    0x6E, 0x46, 0x73, 0x55, 0x70, 0x6C, 0x6F, 0x61, 0x64, 0x2E, 0x61, 0x64,
    0x64, 0x45, 0x76, 0x65, 0x6E, 0x74, 0x4C, 0x69, 0x73, 0x74, 0x65, 0x6E,
    0x65, 0x72, 0x28, 0x27, 0x63, 0x6C, 0x69, 0x63, 0x6B, 0x27, 0x2C, 0x20,
    0x28, 0x29, 0x20, 0x3D, 0x3E, 0x20, 0x7B, 0x0D, 0x0A, 0x20, 0x20, 0x20,
    0x20, 0x20, 0x20, 0x69, 0x66, 0x20, 0x28, 0x65, 0x6C, 0x2E, 0x66, 0x73,
    0x55, 0x70, 0x6C, 0x6F, 0x61, 0x64, 0x49, 0x6E, 0x70, 0x75, 0x74, 0x29,
    0x20, 0x65, 0x6C, 0x2E, 0x66, 0x73, 0x55, 0x70, 0x6C, 0x6F, 0x61, 0x64,
    0x49, 0x6E, 0x70, 0x75, 0x74, 0x2E, 0x63, 0x6C, 0x69, 0x63, 0x6B, 0x28,
    0x29, 0x3B, 0x0D, 0x0A, 0x20, 0x20, 0x20, 0x20, 0x7D, 0x29, 0x3B, 0x0D,
    0x0A, 0x20, 0x20, 0x7D, 0x0D, 0x0A, 0x0D, 0x0A, 0x20, 0x20, 0x69, 0x66,
    0x20, 0x28, 0x65, 0x6C, 0x2E, 0x66, 0x73, 0x55, 0x70, 0x6C, 0x6F, 0x61,
    0x64, 0x49, 0x6E, 0x70, 0x75, 0x74, 0x29, 0x20, 0x7B, 0x0D, 0x0A, 0x20,
    0x20, 0x20, 0x20, 0x65, 0x6C, 0x2E, 0x66, 0x73, 0x55, 0x70, 0x6C, 0x6F,
    0x61, 0x64, 0x49, 0x6E, 0x70, 0x75, 0x74, 0x2E, 0x61, 0x64, 0x64, 0x45,
    0x76, 0x65, 0x6E, 0x74, 0x4C, 0x69, 0x73, 0x74, 0x65, 0x6E, 0x65, 0x72,
    0x28, 0x27, 0x63, 0x68, 0x61, 0x6E, 0x67, 0x65, 0x27, 0x2C, 0x20, 0x61,
    0x73, 0x79, 0x6E, 0x63, 0x20, 0x28, 0x29, 0x20, 0x3D, 0x3E, 0x20, 0x7B,
    0x0D, 0x0A, 0x20, 0x20, 0x20, 0x20, 0x20, 0x20, 0x63, 0x6F, 0x6E, 0x73,
    0x74, 0x20, 0x66, 0x69, 0x6C, 0x65, 0x20, 0x3D, 0x20, 0x65, 0x6C, 0x2E,
    0x66, 0x73, 0x55, 0x70, 0x6C, 0x6F, 0x61, 0x64, 0x49, 0x6E, 0x70, 0x75,
    0x74, 0x2E, 0x66, 0x69, 0x6C, 0x65, 0x73, 0x5B, 0x30, 0x5D, 0x3B, 0x0D,
    0x0A, 0x20, 0x20, 0x20, 0x20, 0x20, 0x20, 0x69, 0x66, 0x20, 0x28, 0x21,
    0x66, 0x69, 0x6C, 0x65, 0x29, 0x20, 0x72, 0x65, 0x74, 0x75, 0x72, 0x6E,
    0x3B, 0x0D, 0x0A, 0x0D, 0x0A, 0x20, 0x20, 0x20, 0x20, 0x20, 0x20, 0x63,
    0x6F, 0x6E, 0x73, 0x74, 0x20, 0x64, 0x69, 0x72, 0x20, 0x20, 0x20, 0x20,
    0x20, 0x20, 0x20, 0x20, 0x3D, 0x20, 0x67, 0x65, 0x74, 0x43, 0x75, 0x72,
    0x72, 0x65, 0x6E, 0x74, 0x50, 0x61, 0x74, 0x68, 0x28, 0x29, 0x3B, 0x0D,
    0x0A, 0x20, 0x20, 0x20, 0x20, 0x20, 0x20, 0x63, 0x6F, 0x6E, 0x73, 0x74,
    0x20, 0x72, 0x65, 0x6D, 0x6F, 0x74, 0x65, 0x50, 0x61, 0x74, 0x68, 0x20,
    0x3D, 0x20, 0x64, 0x69, 0x72, 0x20, 0x3F, 0x20, 0x64, 0x69, 0x72, 0x20,
    0x2B, 0x20, 0x27, 0x2F, 0x27, 0x20, 0x2B, 0x20, 0x66, 0x69, 0x6C, 0x65,
    0x2E, 0x6E, 0x61, 0x6D, 0x65, 0x20, 0x3A, 0x20, 0x66, 0x69, 0x6C, 0x65,
    0x2E, 0x6E, 0x61, 0x6D, 0x65, 0x3B, 0x0D, 0x0A, 0x20, 0x20, 0x20, 0x20,
    0x20, 0x20, 0x65, 0x6C, 0x2E, 0x66, 0x73, 0x55, 0x70, 0x6C, 0x6F, 0x61,
    0x64, 0x49, 0x6E, 0x70, 0x75, 0x74, 0x2E, 0x76, 0x61, 0x6C, 0x75, 0x65,
    0x20, 0x3D, 0x20, 0x27, 0x27, 0x3B, 0x20, 0x20, 0x20, 0x2F, 0x2A, 0x20,
    0xEB, 0x8F, 0x99, 0xEC, 0x9D, 0xBC, 0x20, 0xED, 0x8C, 0x8C, 0xEC, 0x9D,
    0xBC, 0x20, 0xEC, 0x9E, 0xAC, 0xEC, 0x84, 0xA0, 0xED, 0x83, 0x9D, 0x20,
    0xED, 0x97, 0x88, 0xEC, 0x9A, 0xA9, 0x20, 0x2A, 0x2F, 0x0D, 0x0A, 0x0D,
    0x0A, 0x20, 0x20, 0x20, 0x20, 0x20, 0x20, 0x63, 0x6F, 0x6E, 0x73, 0x74,
    0x20, 0x62, 0x75, 0x66, 0x66, 0x65, 0x72, 0x20, 0x20, 0x20, 0x3D, 0x20,
    0x61, 0x77, 0x61, 0x69, 0x74, 0x20, 0x66, 0x69, 0x6C, 0x65, 0x2E, 0x61,
    0x72, 0x72, 0x61, 0x79, 0x42, 0x75, 0x66, 0x66, 0x65, 0x72, 0x28, 0x29,
    0x3B, 0x0D, 0x0A, 0x20, 0x20, 0x20, 0x20, 0x20, 0x20, 0x63, 0x6F, 0x6E,
    0x73, 0x74, 0x20, 0x74, 0x6F, 0x74, 0x61, 0x6C, 0x20, 0x20, 0x20, 0x20,
    0x3D, 0x20, 0x62, 0x75, 0x66, 0x66, 0x65, 0x72, 0x2E, 0x62, 0x79, 0x74,
    0x65, 0x4C, 0x65, 0x6E, 0x67, 0x74, 0x68, 0x3B, 0x0D, 0x0A, 0x20, 0x20,
    0x20, 0x20, 0x20, 0x20, 0x63, 0x6F, 0x6E, 0x73, 0x74, 0x20, 0x43, 0x48,
    0x55, 0x4E, 0x4B, 0x20, 0x20, 0x20, 0x20, 0x3D, 0x20, 0x31, 0x34, 0x30,
    0x30, 0x30, 0x3B, 0x0D, 0x0A, 0x20, 0x20, 0x20, 0x20, 0x20, 0x20, 0x63,
    0x6F, 0x6E, 0x73, 0x74, 0x20, 0x63, 0x68, 0x75, 0x6E, 0x6B, 0x73, 0x20,
    0x20, 0x20, 0x3D, 0x20, 0x4D, 0x61, 0x74, 0x68, 0x2E, 0x63, 0x65, 0x69,
    0x6C, 0x28, 0x74, 0x6F, 0x74, 0x61, 0x6C, 0x20, 0x2F, 0x20, 0x43, 0x48,
    0x55, 0x4E, 0x4B, 0x29, 0x20, 0x7C, 0x7C, 0x20, 0x31, 0x3B, 0x0D, 0x0A,
    0x0D, 0x0A, 0x20, 0x20, 0x20, 0x20, 0x20, 0x20, 0x6C, 0x6F, 0x67, 0x28,
    0x27, 0x55, 0x70, 0x6C, 0x6F, 0x61, 0x64, 0x69, 0x6E, 0x67, 0x3A, 0x20,
    0x27, 0x20, 0x2B, 0x20, 0x72, 0x65, 0x6D, 0x6F, 0x74, 0x65, 0x50, 0x61,
    0x74, 0x68, 0x20, 0x2B, 0x20, 0x27, 0x20, 0x28, 0x27, 0x20, 0x2B, 0x20,
    0x66, 0x6F, 0x72, 0x6D, 0x61, 0x74, 0x46, 0x69, 0x6C, 0x65, 0x53, 0x69,
    0x7A, 0x65, 0x28, 0x74, 0x6F, 0x74, 0x61, 0x6C, 0x29, 0x20, 0x2B, 0x20,
    0x27, 0x2C, 0x20, 0x27, 0x20, 0x2B, 0x20, 0x63, 0x68, 0x75, 0x6E, 0x6B,
    0x73, 0x20, 0x2B, 0x20, 0x27, 0x20, 0x63, 0x68, 0x75, 0x6E, 0x6B, 0x28,
    0x73, 0x29, 0x29, 0x27, 0x29, 0x3B, 0x0D, 0x0A, 0x0D, 0x0A, 0x20, 0x20,
    0x20, 0x20, 0x20, 0x20, 0x74, 0x72, 0x79, 0x20, 0x7B, 0x0D, 0x0A, 0x20,
    0x20, 0x20, 0x20, 0x20, 0x20, 0x20, 0x20, 0x69, 0x66, 0x20, 0x28, 0x74,
    0x6F, 0x74, 0x61, 0x6C, 0x20, 0x3D, 0x3D, 0x3D, 0x20, 0x30, 0x29, 0x20,
    0x7B, 0x0D, 0x0A, 0x20, 0x20, 0x20, 0x20, 0x20, 0x20, 0x20, 0x20, 0x20,
    0x20, 0x61, 0x77, 0x61, 0x69, 0x74, 0x20, 0x70, 0x6F, 0x73, 0x74, 0x46,
    0x73, 0x55, 0x70, 0x6C, 0x6F, 0x61, 0x64, 0x43, 0x68, 0x75, 0x6E, 0x6B,
    0x28, 0x72, 0x65, 0x6D, 0x6F, 0x74, 0x65, 0x50, 0x61, 0x74, 0x68, 0x2C,
    0x20, 0x30, 0x2C, 0x20, 0x6E, 0x65, 0x77, 0x20, 0x55, 0x69, 0x6E, 0x74,
    0x38, 0x41, 0x72, 0x72, 0x61, 0x79, 0x28, 0x30, 0x29, 0x29, 0x3B, 0x0D,
    0x0A, 0x20, 0x20, 0x20, 0x20, 0x20, 0x20, 0x20, 0x20, 0x7D, 0x20, 0x65,
    0x6C, 0x73, 0x65, 0x20, 0x7B, 0x0D, 0x0A, 0x20, 0x20, 0x20, 0x20, 0x20,
    0x20, 0x20, 0x20, 0x20, 0x20, 0x66, 0x6F, 0x72, 0x20, 0x28, 0x6C, 0x65,
    0x74, 0x20, 0x69, 0x20, 0x3D, 0x20, 0x30, 0x3B, 0x20, 0x69, 0x20, 0x3C,
    0x20, 0x63, 0x68, 0x75, 0x6E, 0x6B, 0x73, 0x3B, 0x20, 0x69, 0x2B, 0x2B,
    0x29, 0x20, 0x7B, 0x0D, 0x0A, 0x20, 0x20, 0x20, 0x20, 0x20, 0x20, 0x20,
    0x20, 0x20, 0x20, 0x20, 0x20, 0x63, 0x6F, 0x6E, 0x73, 0x74, 0x20, 0x6F,
    0x66, 0x66, 0x73, 0x65, 0x74, 0x20, 0x20, 0x20, 0x3D, 0x20, 0x69, 0x20,
    0x2A, 0x20, 0x43, 0x48, 0x55, 0x4E, 0x4B, 0x3B, 0x0D, 0x0A, 0x20, 0x20,
    0x20, 0x20, 0x20, 0x20, 0x20, 0x20, 0x20, 0x20, 0x20, 0x20, 0x63, 0x6F,
    0x6E, 0x73, 0x74, 0x20, 0x63, 0x68, 0x75, 0x6E, 0x6B, 0x4C, 0x65, 0x6E,
    0x20, 0x3D, 0x20, 0x4D, 0x61, 0x74, 0x68, 0x2E, 0x6D, 0x69, 0x6E, 0x28,
    0x43, 0x48, 0x55, 0x4E, 0x4B, 0x2C, 0x20, 0x74, 0x6F, 0x74, 0x61, 0x6C,
    0x20, 0x2D, 0x20, 0x6F, 0x66, 0x66, 0x73, 0x65, 0x74, 0x29, 0x3B, 0x0D,
    0x0A, 0x20, 0x20, 0x20, 0x20, 0x20, 0x20, 0x20, 0x20, 0x20, 0x20, 0x20,
    0x20, 0x63, 0x6F, 0x6E, 0x73, 0x74, 0x20, 0x73, 0x6C, 0x69, 0x63, 0x65,
    0x20, 0x20, 0x20, 0x20, 0x3D, 0x20, 0x6E, 0x65, 0x77, 0x20, 0x55, 0x69,
    0x6E, 0x74, 0x38, 0x41, 0x72, 0x72, 0x61, 0x79, 0x28, 0x62, 0x75, 0x66,
    0x66, 0x65, 0x72, 0x2C, 0x20, 0x6F, 0x66, 0x66, 0x73, 0x65, 0x74, 0x2C,
    0x20, 0x63, 0x68, 0x75, 0x6E, 0x6B, 0x4C, 0x65, 0x6E, 0x29, 0x3B, 0x0D,
    0x0A, 0x20, 0x20, 0x20, 0x20, 0x20, 0x20, 0x20, 0x20, 0x20, 0x20, 0x20,
    0x20, 0x61, 0x77, 0x61, 0x69, 0x74, 0x20, 0x70, 0x6F, 0x73, 0x74, 0x46,
    0x73, 0x55, 0x70, 0x6C, 0x6F, 0x61, 0x64, 0x43, 0x68, 0x75, 0x6E, 0x6B,
    0x28, 0x72, 0x65, 0x6D, 0x6F, 0x74, 0x65, 0x50, 0x61, 0x74, 0x68, 0x2C,
    0x20, 0x6F, 0x66, 0x66, 0x73, 0x65, 0x74, 0x2C, 0x20, 0x73, 0x6C, 0x69,
    0x63, 0x65, 0x29, 0x3B, 0x0D, 0x0A, 0x20, 0x20, 0x20, 0x20, 0x20, 0x20,
    0x20, 0x20, 0x20, 0x20, 0x20, 0x20, 0x69, 0x66, 0x20, 0x28, 0x63, 0x68,
    0x75, 0x6E, 0x6B, 0x73, 0x20, 0x3E, 0x20, 0x31, 0x29, 0x20, 0x6C, 0x6F,
    0x67, 0x28, 0x27, 0x20, 0x20, 0x27, 0x20, 0x2B, 0x20, 0x28, 0x6F, 0x66,
    0x66, 0x73, 0x65, 0x74, 0x20, 0x2B, 0x20, 0x63, 0x68, 0x75, 0x6E, 0x6B,
    0x4C, 0x65, 0x6E, 0x29, 0x20, 0x2B, 0x20, 0x27, 0x2F, 0x27, 0x20, 0x2B,
    0x20, 0x74, 0x6F, 0x74, 0x61, 0x6C, 0x20, 0x2B, 0x20, 0x27, 0x20, 0x62,
    0x79, 0x74, 0x65, 0x73, 0x27, 0x29, 0x3B, 0x0D, 0x0A, 0x20, 0x20, 0x20,
    0x20, 0x20, 0x20, 0x20, 0x20, 0x20, 0x20, 0x7D, 0x0D, 0x0A, 0x20, 0x20,
    0x20, 0x20, 0x20, 0x20, 0x20, 0x20, 0x7D, 0x0D, 0x0A, 0x20, 0x20, 0x20,
    0x20, 0x20, 0x20, 0x20, 0x20, 0x6C, 0x6F, 0x67, 0x28, 0x27, 0x55, 0x70,
    0x6C, 0x6F, 0x61, 0x64, 0x20, 0x63, 0x6F, 0x6D, 0x70, 0x6C, 0x65, 0x74,
    0x65, 0x3A, 0x20, 0x27, 0x20, 0x2B, 0x20, 0x72, 0x65, 0x6D, 0x6F, 0x74,
    0x65, 0x50, 0x61, 0x74, 0x68, 0x29, 0x3B, 0x0D, 0x0A, 0x20, 0x20, 0x20,
    0x20, 0x20, 0x20, 0x20, 0x20, 0x61, 0x77, 0x61, 0x69, 0x74, 0x20, 0x66,
    0x73, 0x52, 0x65, 0x66, 0x72, 0x65, 0x73, 0x68, 0x4C, 0x69, 0x73, 0x74,
    0x28, 0x29, 0x3B, 0x0D, 0x0A, 0x20, 0x20, 0x20, 0x20, 0x20, 0x20, 0x7D,
    0x20, 0x63, 0x61, 0x74, 0x63, 0x68, 0x20, 0x28, 0x65, 0x72, 0x72, 0x29,
    0x20, 0x7B, 0x0D, 0x0A, 0x20, 0x20, 0x20, 0x20, 0x20, 0x20, 0x20, 0x20,
    0x6C, 0x6F, 0x67, 0x28, 0x27, 0x55, 0x70, 0x6C, 0x6F, 0x61, 0x64, 0x20,
    0x65, 0x72, 0x72, 0x6F, 0x72, 0x3A, 0x20, 0x27, 0x20, 0x2B, 0x20, 0x65,
    0x72, 0x72, 0x2E, 0x6D, 0x65, 0x73, 0x73, 0x61, 0x67, 0x65, 0x29, 0x3B,
    0x0D, 0x0A, 0x20, 0x20, 0x20, 0x20, 0x20, 0x20, 0x7D, 0x0D, 0x0A, 0x20,
    0x20, 0x20, 0x20, 0x7D, 0x29, 0x3B, 0x0D, 0x0A, 0x20, 0x20, 0x7D, 0x0D,
    0x0A, 0x0D, 0x0A, 0x20, 0x20, 0x2F, 0x2A, 0x20, 0x2F, 0x2F, 0x61, 0x64,
    0x64, 0x20, 0x6E, 0x65, 0x77, 0x20, 0x66, 0x75, 0x6E, 0x63, 0x3A, 0x20,
    0xEC, 0x83, 0x88, 0x20, 0xED, 0x8C, 0x8C, 0xEC, 0x9D, 0xBC, 0x20, 0xEA,
    0xB4, 0x80, 0xEB, 0xA0, 0xA8, 0x20, 0xEB, 0xB2, 0x84, 0xED, 0x8A, 0xBC,
    0x2F, 0xEA, 0xB8, 0xB0, 0xEB, 0x8A, 0xA5, 0xEC, 0x9D, 0x80, 0x20, 0xEC,
    0x97, 0xAC, 0xEA, 0xB8, 0xB0, 0xEC, 0x97, 0x90, 0x20, 0xEC, 0xB6, 0x94,
    0xEA, 0xB0, 0x80, 0x20, 0x2A, 0x2F, 0x0D, 0x0A, 0x0D, 0x0A, 0x20, 0x20,
    0x66, 0x73, 0x52, 0x65, 0x66, 0x72, 0x65, 0x73, 0x68, 0x4C, 0x69, 0x73,
    0x74, 0x28, 0x29, 0x3B, 0x0D, 0x0A, 0x7D, 0x0D, 0x0A, 0x0D, 0x0A, 0x0D,
    0x0A, 0x2F, 0x2F, 0x20, 0x3D, 0x3D, 0x3D, 0x3D, 0x3D, 0x20, 0x61, 0x70,
    0x70, 0x2E, 0x6A, 0x73, 0x20, 0x3D, 0x3D, 0x3D, 0x3D, 0x3D, 0x0D, 0x0A,
    0x77, 0x69, 0x6E, 0x64, 0x6F, 0x77, 0x2E, 0x61, 0x70, 0x70, 0x4A, 0x73,
    0x4C, 0x6F, 0x61, 0x64, 0x65, 0x64, 0x20, 0x3D, 0x20, 0x74, 0x72, 0x75,
    0x65, 0x3B, 0x0D, 0x0A, 0x0D, 0x0A, 0x66, 0x75, 0x6E, 0x63, 0x74, 0x69,
    0x6F, 0x6E, 0x20, 0x73, 0x74, 0x61, 0x72, 0x74, 0x57, 0x61, 0x74, 0x63,
    0x68, 0x64, 0x6F, 0x67, 0x52, 0x65, 0x6C, 0x6F, 0x61, 0x64, 0x28, 0x69,
    0x6E, 0x74, 0x65, 0x72, 0x76, 0x61, 0x6C, 0x4D, 0x73, 0x20, 0x3D, 0x20,
    0x32, 0x30, 0x30, 0x30, 0x29, 0x20, 0x7B, 0x0D, 0x0A, 0x20, 0x20, 0x73,
    0x65, 0x74, 0x49, 0x6E, 0x74, 0x65, 0x72, 0x76, 0x61, 0x6C, 0x28, 0x28,
    0x29, 0x20, 0x3D, 0x3E, 0x20, 0x7B, 0x0D, 0x0A, 0x20, 0x20, 0x20, 0x20,
    0x69, 0x66, 0x20, 0x28, 0x21, 0x77, 0x69, 0x6E, 0x64, 0x6F, 0x77, 0x2E,
    0x61, 0x70, 0x70, 0x4A, 0x73, 0x4C, 0x6F, 0x61, 0x64, 0x65, 0x64, 0x29,
    0x20, 0x7B, 0x0D, 0x0A, 0x20, 0x20, 0x20, 0x20, 0x20, 0x20, 0x63, 0x6F,
    0x6E, 0x73, 0x6F, 0x6C, 0x65, 0x2E, 0x6C, 0x6F, 0x67, 0x28, 0x27, 0x61,
    0x70, 0x70, 0x2E, 0x6A, 0x73, 0x20, 0x6E, 0x6F, 0x74, 0x20, 0x6C, 0x6F,
    0x61, 0x64, 0x65, 0x64, 0x20, 0xE2, 0x86, 0x92, 0x20, 0x72, 0x65, 0x6C,
    0x6F, 0x61, 0x64, 0x27, 0x29, 0x3B, 0x0D, 0x0A, 0x20, 0x20, 0x20, 0x20,
    0x20, 0x20, 0x6C, 0x6F, 0x63, 0x61, 0x74, 0x69, 0x6F, 0x6E, 0x2E, 0x72,
    0x65, 0x6C, 0x6F, 0x61, 0x64, 0x28, 0x29, 0x3B, 0x0D, 0x0A, 0x20, 0x20,
    0x20, 0x20, 0x7D, 0x0D, 0x0A, 0x20, 0x20, 0x7D, 0x2C, 0x20, 0x69, 0x6E,
    0x74, 0x65, 0x72, 0x76, 0x61, 0x6C, 0x4D, 0x73, 0x29, 0x3B, 0x0D, 0x0A,
    0x7D, 0x0D, 0x0A, 0x0D, 0x0A, 0x61, 0x73, 0x79, 0x6E, 0x63, 0x20, 0x66,
    0x75, 0x6E, 0x63, 0x74, 0x69, 0x6F, 0x6E, 0x20, 0x62, 0x6F, 0x6F, 0x74,
    0x73, 0x74, 0x72, 0x61, 0x70, 0x49, 0x6E, 0x69, 0x74, 0x69, 0x61, 0x6C,
    0x52, 0x65, 0x71, 0x75, 0x65, 0x73, 0x74, 0x73, 0x28, 0x29, 0x20, 0x7B,
    0x0D, 0x0A, 0x20, 0x20, 0x69, 0x66, 0x20, 0x28, 0x73, 0x65, 0x73, 0x73,
    0x69, 0x6F, 0x6E, 0x53, 0x74, 0x6F, 0x72, 0x61, 0x67, 0x65, 0x2E, 0x67,
    0x65, 0x74, 0x49, 0x74, 0x65, 0x6D, 0x28, 0x73, 0x74, 0x61, 0x74, 0x65,
    0x2E, 0x73, 0x65, 0x73, 0x73, 0x69, 0x6F, 0x6E, 0x4B, 0x65, 0x79, 0x73,
    0x2E, 0x77, 0x61, 0x69, 0x74, 0x54, 0x69, 0x6D, 0x65, 0x53, 0x79, 0x6E,
    0x63, 0x29, 0x20, 0x3D, 0x3D, 0x3D, 0x20, 0x27, 0x31, 0x27, 0x29, 0x20,
    0x7B, 0x0D, 0x0A, 0x20, 0x20, 0x20, 0x20, 0x61, 0x77, 0x61, 0x69, 0x74,
    0x20, 0x77, 0x61, 0x69, 0x74, 0x54, 0x69, 0x6D, 0x65, 0x53, 0x79, 0x6E,
    0x63, 0x55, 0x6E, 0x74, 0x69, 0x6C, 0x53, 0x75, 0x63, 0x63, 0x65, 0x73,
    0x73, 0x28, 0x29, 0x3B, 0x0D, 0x0A, 0x20, 0x20, 0x7D, 0x20, 0x65, 0x6C,
    0x73, 0x65, 0x20, 0x7B, 0x0D, 0x0A, 0x20, 0x20, 0x20, 0x20, 0x61, 0x77,
    0x61, 0x69, 0x74, 0x20, 0x73, 0x79, 0x6E, 0x63, 0x54, 0x69, 0x6D, 0x65,
    0x55, 0x6E, 0x74, 0x69, 0x6C, 0x53, 0x75, 0x63, 0x63, 0x65, 0x73, 0x73,
    0x28, 0x31, 0x30, 0x30, 0x30, 0x29, 0x3B, 0x0D, 0x0A, 0x20, 0x20, 0x7D,
    0x0D, 0x0A, 0x0D, 0x0A, 0x20, 0x20, 0x61, 0x77, 0x61, 0x69, 0x74, 0x20,
    0x6C, 0x6F, 0x61, 0x64, 0x4E, 0x65, 0x74, 0x77, 0x6F, 0x72, 0x6B, 0x55,
    0x6E, 0x74, 0x69, 0x6C, 0x53, 0x75, 0x63, 0x63, 0x65, 0x73, 0x73, 0x28,
    0x31, 0x30, 0x30, 0x30, 0x29, 0x3B, 0x0D, 0x0A, 0x7D, 0x0D, 0x0A, 0x0D,
    0x0A, 0x64, 0x6F, 0x63, 0x75, 0x6D, 0x65, 0x6E, 0x74, 0x2E, 0x61, 0x64,
    0x64, 0x45, 0x76, 0x65, 0x6E, 0x74, 0x4C, 0x69, 0x73, 0x74, 0x65, 0x6E,
    0x65, 0x72, 0x28, 0x27, 0x44, 0x4F, 0x4D, 0x43, 0x6F, 0x6E, 0x74, 0x65,
    0x6E, 0x74, 0x4C, 0x6F, 0x61, 0x64, 0x65, 0x64, 0x27, 0x2C, 0x20, 0x61,
    0x73, 0x79, 0x6E, 0x63, 0x20, 0x28, 0x29, 0x20, 0x3D, 0x3E, 0x20, 0x7B,
    0x0D, 0x0A, 0x20, 0x20, 0x73, 0x65, 0x74, 0x75, 0x70, 0x49, 0x70, 0x49,
    0x6E, 0x70, 0x75, 0x74, 0x73, 0x28, 0x29, 0x3B, 0x0D, 0x0A, 0x20, 0x20,
    0x69, 0x6E, 0x69, 0x74, 0x42, 0x6F, 0x6F, 0x74, 0x41, 0x63, 0x74, 0x69,
    0x6F, 0x6E, 0x73, 0x28, 0x29, 0x3B, 0x0D, 0x0A, 0x20, 0x20, 0x69, 0x6E,
    0x69, 0x74, 0x53, 0x79, 0x73, 0x74, 0x65, 0x6D, 0x41, 0x63, 0x74, 0x69,
    0x6F, 0x6E, 0x73, 0x28, 0x29, 0x3B, 0x0D, 0x0A, 0x20, 0x20, 0x69, 0x6E,
    0x69, 0x74, 0x4E, 0x65, 0x74, 0x77, 0x6F, 0x72, 0x6B, 0x28, 0x29, 0x3B,
    0x0D, 0x0A, 0x20, 0x20, 0x69, 0x6E, 0x69, 0x74, 0x44, 0x6F, 0x77, 0x6E,
    0x6C, 0x6F, 0x61, 0x64, 0x28, 0x29, 0x3B, 0x0D, 0x0A, 0x20, 0x20, 0x69,
    0x6E, 0x69, 0x74, 0x46, 0x69, 0x6C, 0x65, 0x4D, 0x61, 0x6E, 0x61, 0x67,
    0x65, 0x72, 0x28, 0x29, 0x3B, 0x0D, 0x0A, 0x0D, 0x0A, 0x20, 0x20, 0x61,
    0x77, 0x61, 0x69, 0x74, 0x20, 0x62, 0x6F, 0x6F, 0x74, 0x73, 0x74, 0x72,
    0x61, 0x70, 0x49, 0x6E, 0x69, 0x74, 0x69, 0x61, 0x6C, 0x52, 0x65, 0x71,
    0x75, 0x65, 0x73, 0x74, 0x73, 0x28, 0x29, 0x3B, 0x0D, 0x0A, 0x0D, 0x0A,
    0x20, 0x20, 0x73, 0x74, 0x61, 0x72, 0x74, 0x53, 0x74, 0x61, 0x74, 0x75,
    0x73, 0x50, 0x6F, 0x6C, 0x6C, 0x69, 0x6E, 0x67, 0x28, 0x31, 0x30, 0x30,
    0x30, 0x29, 0x3B, 0x0D, 0x0A, 0x20, 0x20, 0x73, 0x74, 0x61, 0x72, 0x74,
    0x57, 0x61, 0x74, 0x63, 0x68, 0x64, 0x6F, 0x67, 0x52, 0x65, 0x6C, 0x6F,
    0x61, 0x64, 0x28, 0x32, 0x30, 0x30, 0x30, 0x29, 0x3B, 0x0D, 0x0A, 0x7D,
    0x29, 0x3B, 0x0D, 0x0A
};
const uint32_t app_js_len = 24316u;
const char app_js_content_type[] = "application/javascript; charset=utf-8";
